31.81726185200155 23.80036552845298
5.341329755554657 14.607124448882848
9.69090031753862 26.54633640412225
9.457259552498376 26.800573364298263
31.614695489751014 24.680604982310644
7.350295049422339 27.24368149229744
32.434691184020565 24.196778692618643
4.822963857415205 10.587748917953204
5.457351422520274 27.06953360214142
4.8623942974824885 15.61334481076007
31.650086048640947 19.71346073034163
6.973716492940054 27.61010328990984
31.452199631171 25.006910870008184
5.061054009322083 15.662752421284072
7.530105142312427 24.303559203046195
4.5990462552176234 12.670092755796661
2.4351442771499654 12.98115875935823
2.13553917180474 15.258595943815928
9.250794019698303 27.030788859587286
4.393065442674897 11.021642743975718
3.6949887369727774 11.095491066494086
31.896927186813866 24.440374409388898
2.846919206728258 13.766723622455673
33.27467110961335 22.53266183061902
3.6723725375609853 11.616529823601832
4.486778318130492 10.71650772902438
7.3409141082203355 28.24015900659063
32.92331417845686 19.941160018435816
4.941447198908902 13.203069351860222
31.48181849733349 21.11005221842616
31.181628548919495 24.21040537155239
33.501712475178216 24.1995476453811
8.262805452420844 25.07957001497841
6.321936840148695 25.62038118682208
8.392983304535361 24.551992791193054
7.582598985102331 28.23865456526933
6.961688436224569 27.77440237039259
7.344825122367631 26.454666898409315
4.059801371247688 10.958654136568903
31.4158183937556 19.923702724030065
4.238721432991941 16.828210304785788
2.493064185976915 14.597701077153875
3.3167659061415353 14.30872465036428
2.7541064619021576 16.34933887342332
33.05818256107828 22.651560687437865
6.204245363730356 15.620135537986185
2.1614583929987083 12.363329336738545
29.02943990933229 21.09525794493276
1.8541795696105265 14.601448987562273
7.018335253707282 15.420295868729895
6.081922729963689 26.699111036295143
32.232792527158324 19.710733247009266
2.5891847344938723 14.538852178359562
33.12964857397496 20.44834919154885
29.369618321155844 21.37777624516855
4.907511247172479 26.927234347488692
5.015686776571916 26.908878233972036
7.284966959561035 24.392243267213978
32.09649038400578 21.320722711492735
32.80099880072182 19.00848712532722
3.661090765097945 14.335611232094546
3.73789282321617 26.239050824612924
4.9643633055201075 11.357910683834017
6.746473036751172 24.05791237304505
1.803759400803688 13.08371347517235
2.080230874816695 13.395104249663651
4.898479143220303 24.673464506564756
2.3172585137548123 13.994512822429458
7.140238180926199 27.831572027905477
5.360746985530834 12.844974149190891
4.153437429720149 15.143695898377855
31.3236269583426 20.56125493637357
8.017523777217704 25.335146371559965
33.47661488056347 21.103848763198695
2.1830778424849457 15.388067274459338
7.46506901357774 28.88806870780576
29.722854093758436 20.64386151402927
1.939824928129232 12.999868219858095
3.606031727608328 11.734020929873711
4.430336874725146 15.132424671782474
4.798211556905426 26.12608964923325
8.039533207513117 28.26668589698333
34.63882070215849 23.60207985212392
33.713378342232446 21.055072304370427
32.515419948307496 22.076693014194724
6.3818719623504725 26.407593131429465
29.301157132911346 20.462799343008843
5.9778307235797765 15.239322875625678
4.320141831121622 25.38738568976223
32.142203245772286 23.167294867889883
6.339582578968048 14.804086894609963
32.74526919045124 24.483284966913217
31.525853579434894 20.750880456720903
29.686014797311252 21.307069562890515
5.2929751925748825 24.699920493607337
33.44020612249683 20.61923878663665
5.294374978639698 15.993971644388703
4.696383809187195 25.093452535537427
2.496517196348414 13.284434256455858
31.65073283892109 23.539294755410992
5.332767498183739 12.3950735246495
5.5842048240298965 26.273581672571677
5.31491531259616 11.787448049916884
6.86020329274642 25.0448477696483
30.766164914614535 21.833541364711408
32.17921705812945 22.411664619878767
32.33761127248734 22.3522864313371
31.09868305623631 24.164011413182234
33.06596018119498 23.480459152347017
33.16799090831804 20.21665008805299
9.402221198347053 25.181719709974242
6.424083767330175 24.64674852177854
4.851853157845195 14.144777697169577
5.530305411884494 23.882359586724903
2.9259651044570303 14.68257231709981
32.04271894908652 22.37654633512279
29.586938571163937 22.060476104617532
6.24812234184926 26.230479621909836
31.671158973995215 25.034550058509232
5.5913835778159715 14.563516714471238
32.491425760735225 20.724368042850895
32.49063826482335 22.967233095961554
8.584246593192276 25.84676714319569
3.148058890630279 15.706023009847174
2.8606955113047894 15.638112206870225
9.434529910386578 26.875415764155306
32.77259960780738 21.364792300623037
3.98911677057815 12.55084058578088
1.904841996897674 13.521887207740534
8.444736223789064 24.930950463684745
3.3747252337476743 13.15354572366303
4.900099445609746 11.321737043110826
8.393235503758328 28.016056124155682
2.824881002410627 14.714309774805074
6.69120756109132 27.828782395570425
31.87595141878187 23.17294725475033
29.82653018734684 21.683934243601637
5.867208160388309 14.163197672043141
5.698346448314027 14.844564971875197
5.993685392542325 25.91067107769712
4.0924292814657255 26.460716175899393
9.160135187727526 26.81443040316519
4.16079182774005 12.218471157605435
8.043601397741046 26.290854611884665
6.926849700061973 23.335016692106628
32.574777970646586 19.378789354852177
30.522110425271084 23.437412885674757
7.493918262303922 24.04958474885969
6.295986051093637 25.071984354715944
3.8643432244080187 16.374923788928797
33.570143088414966 22.251939983917126
30.122243600871776 21.023590170494213
5.094439620547659 12.794480858377122
31.727425375927222 21.852785300106795
4.67772530851222 15.835403069506647
5.506318151752344 12.542366944769542
5.628593049934258 25.690510355446914
6.77141368702127 23.13831685844951
5.3666068750029865 26.9620345049307
5.082404458267618 27.065757920863888
31.506864134238768 22.917873340791107
9.045565709607278 27.171366979462462
3.9794262706986476 14.156450633524623
31.70680680281655 23.46743495704738
6.7272465065325795 14.696991873366514
33.06673443392444 22.869510161583023
3.829653714276131 13.793624484759489
32.70797921328311 24.277763208331148
5.381537541007645 26.577790436937356
7.329215354354577 27.73004194978058
7.21444081044792 28.227865263247068
7.114067389842586 25.75480094313979
6.225683867086889 14.963706264058686
3.9841573296752806 14.639170978988199
1.4218185948523558 12.308423857488716
5.46266932025772 24.76076398093574
31.89311730762627 20.114769727177205
8.081562067178282 26.896068758951547
6.512614501791115 22.9564831531769
32.90377174048773 19.355256916077277
5.730066128009414 25.570549640380687
32.93747736794936 22.4924010680943
1.5466289350614506 13.741807827396286
4.060949625299845 17.020582491105554
32.30190911770376 22.320001978442793
3.6426553799948067 11.149487552544672
7.689325160210744 24.564290859770097
33.454905357800655 21.321330217373582
4.697069649395748 15.451142640525253
30.764410328751453 22.833389616359653
5.0926390186861275 25.53964674933173
30.141459800889766 21.54301224830448
4.839770839341966 10.842602322523147
34.25633193088275 23.409812478822612
29.18955435099103 21.05406821101701
30.248757126994903 22.87561486700433
8.038445141379636 28.208690224559458
31.428821924657164 20.671851336208128
5.206913537457993 27.427454853940066
30.382788826852387 22.25220706810347
32.6759789403712 24.154088176441523
5.822776609353706 14.75591121680143
4.957498140609315 13.416908648956795
7.872840867885609 27.081939639011885
34.75737300440789 22.47674420257846
32.50458941470881 18.992056469571082
7.531088953830955 26.93308316123883
9.353389539477455 25.701715337113832
7.180849654308678 25.560281097448602
6.527874611914724 24.84742044976521
3.902685912565601 14.669327767220578
9.022951337076229 24.858555918890456
33.08945639128095 21.37960655932386
3.724158022906021 26.153749003951724
3.868566365527156 16.8920904058045
31.855678945638402 24.33367010597017
31.650771179245584 20.24050176978517
4.840906237968582 13.022942321227005
8.26727183474972 27.871007990550982
3.502276234844791 12.445496497408685
10.06463797089106 25.860745315977155
30.384239232263383 22.02093067890603
32.049356952028916 21.970236923774525
8.947005269534834 25.3789978560191
32.59657289673401 21.33575589365171
32.334435252429806 22.38354870271931
4.296164084612838 11.756861948708092
32.04923863552108 23.35679524368726
7.315889130621168 23.825751029927538
4.417218609617371 25.046450850367545
32.780627546135094 21.250581218072472
34.567221150197724 22.177367090436178
3.159872378221851 14.891524938835255
3.8720219513543457 25.728494573772743
32.16052313883223 22.535285056632905
30.602607405335558 20.96349177153593
33.61643242923793 21.076997039043267
5.0320003074473 12.22460021289816
7.25757709589096 27.219223044994884
8.988766541188575 27.82057320325586
29.58224106436829 21.033576098355613
3.4911127868690137 11.876756903532428
5.884819808666711 13.077562340990182
6.675474866231655 24.465539111791728
4.338276057272061 13.967417106178596
9.423163814089946 25.866291003062504
4.680637132876498 26.66000932500172
5.166719609899526 25.469498729924176
5.85048316467344 15.071378879756566
4.467073108979091 25.834626387724686
2.0502394766104213 11.911486959340781
4.752976173001947 25.39546003170284
3.2729811405414617 12.286402838684634
33.56084888649095 22.991688441424913
4.052064288707751 26.43246205343923
34.04479801971864 22.92440470859352
5.360342195510045 14.434541273156203
6.021567250084618 26.31364248773178
30.939933434256986 24.305830844260466
33.52041633648506 22.913005375665904
33.58261959388886 22.08031619375726
8.895865811236 25.315417334612217
2.5029145114902165 12.710614452787775
8.708847432864149 27.35413678243548
7.242366549461411 26.363791418276865
4.030409012277579 15.873430527831427
34.531962246110936 23.17572277630163
3.4928243752960597 14.657859584354176
8.738258330924868 28.14286283411221
3.975696116158744 12.088827704710944
6.686100758123304 14.992966187662901
4.668640441579475 12.324574267390545
32.119224461401586 24.025239707780784
5.051848360928288 14.84233149012006
32.991104273155656 21.379364147831634
32.15878395825483 19.77747709325063
30.176988910329968 21.12573149674395
29.571997242689857 20.405737887520562
8.966202605821296 27.49214179242912
6.562671098766797 14.707241847427733
5.424316419944856 11.809585194899288
1.1639886288741268 13.264446886753108
7.689258174742907 28.095197783626567
8.835784150250296 25.681576448772045
4.334635234389612 15.634241731327862
8.944375224710717 24.739394926217194
6.438058478414233 23.095331414925756
32.26866326210544 23.838180953121075
32.672227734923254 23.086138972143914
31.129688915626172 24.23269852615011
32.8113297495211 20.88507602094149
4.898904987509681 15.763612397573672
8.2457470998416 25.789092323091456
7.863822784296364 28.22413047643816
2.519533637670886 12.002900657592676
2.92180140097777 15.441580626271392
3.658322112714975 14.60788775452003
4.885027623985351 12.289164691351978
4.355242666257216 15.028557922849966
3.478375053935253 16.925571895960008
2.5894324976550993 14.085894535378216
7.013456459062111 26.17331373030233
4.484762932127504 10.798272814615931
31.230414947137003 23.554295962948856
6.788303680104594 15.095154126259049
2.1829916318366904 12.628677846281672
29.611031201509274 21.428011211690443
3.0447309613197335 17.128317041596954
4.653443412841687 12.267339793573695
9.36238510136099 25.341186423613642
8.59769944118477 25.966048139792857
5.2540753158419236 24.522721238949465
5.099555806132686 15.397103470440031
6.466569096762539 15.117586219219895
31.299981922282086 24.84588708163775
33.92225429030535 23.2048290117641
0.9574905434370944 12.5537913818058
9.544388650742832 25.326430834647002
32.5617072001107 22.35952392598709
5.265713975820717 15.763600284595652
34.28878420868212 21.588695401857667
31.311346622272865 20.708671709152053
33.80272978111703 21.148891773645282
8.013983381437429 27.785569361390166
5.625500927505028 26.98670371216825
30.81448593299993 20.07347319851024
34.242587515062496 22.736498551851646
3.5279112947598024 11.64622110975571
31.925355506794023 23.99363650396626
7.912563365902838 24.568818820149456
29.955601707704716 22.085840095125217
31.553040716476787 23.395314578770183
32.86163060566041 23.102425402833354
7.670902309413207 24.77531132045175
29.445056284681883 20.873307998700497
6.8197343942853905 27.559954413062453
5.800266722660816 26.82592616525636
30.763640408647607 24.05229783723536
3.8711711878964707 26.278497878501287
7.2430932805012525 23.412234440199654
34.03793420766534 22.906759956397696
4.985503083881666 25.61491203013149
4.371827167378519 13.39507901605845
5.578764625599372 14.640773488099356
6.6730380716508115 14.807373906302747
7.950276737474315 24.52167134178237
6.151231607180782 25.311148911085777
3.2872874633947156 17.390016563105863
30.112138049335833 22.447446329211235
3.800363205577752 15.693034250941537
4.633650068793809 26.858275244992452
6.868407469633469 25.714209363930912
31.621549206040175 24.84131446926071
8.13243971016809 25.508167039883208
2.7103217126978087 12.291656078345566
5.493309112005069 15.446847727220145
5.791086861900709 23.442751618514635
32.664520937085754 21.31573077933005
33.739152316973446 24.074073201834132
3.1658684258724827 14.212770168644148
30.475705186114322 22.008524930834565
29.49223041057869 21.460257847500923
34.069137271292135 23.06884622517488
6.973423626569668 23.59629178403692
29.909581206209342 21.39263139161483
8.729929980488613 27.997167976712824
30.146615565592676 20.547199651326757
4.640281798521979 25.739329996264434
7.609270248753344 24.265387230646606
7.2307478618171475 27.142920700462373
7.277051910319257 23.517552778062008
34.750696420751076 22.942712017411164
7.6570719552683 28.473544354088254
7.624933660141037 27.67686049073823
6.84743973886332 15.493372927280827
34.04383556479397 23.627282369991732
3.793283744721099 15.941368604747526
2.128151632052849 12.196860255766126
31.130003134242298 21.503848623539728
30.752871074499915 24.03260003739945
1.4423498270291777 13.728816509647947
6.749189319288516 15.40033043831065
5.710546699426972 14.307051565024986
5.952471086649914 25.93287454013749
5.255909994280442 23.771710470779773
7.869241857705638 28.62517697636143
32.52844308212838 21.011738734385077
3.62732991816978 11.347347121814115
5.167465369327916 14.365008410425839
32.14824992786366 24.516149356331386
8.234280234757016 26.027494984275762
5.546431441345028 13.933485332819789
4.837516324163998 25.099128351187833
32.88603206271348 21.968211619475834
5.254742107758348 25.858445075821937
4.867531932775047 26.075408176928168
8.362208346585914 26.096733599865008
6.233447649636627 14.517159434667485
4.99858704059279 12.31694724362093
33.22653871201036 21.180065974493
5.797948742330925 26.803090416265054
32.42885185329856 23.607883240318355
3.9277467413033573 15.019867772432635
2.3745620378883734 12.756774450950529
33.12003208302861 19.932865875333544
34.637938175144896 22.86532486676296
4.837905660831728 15.881004563221845
4.700217011631455 26.172782983907812
4.165159552672909 11.543745902553942
33.85298576040069 23.672041597352955
30.363049010086502 22.02173985828113
3.113493360272428 11.858921249142139
5.525854004663565 13.054480709176659
6.163553357320331 24.866153068280166
5.038077937757827 11.838743369847215
6.991902338580938 26.511952175328503
31.887452334415162 21.21586030641309
6.4060158017858475 28.13903353029501
3.024281927401244 12.258404908894347
8.140225054017183 27.90502490325234
2.8453390775685614 15.895083977118377
7.772310615811763 25.632362763699824
3.336319087189402 15.150266567078395
5.822467245308539 14.536638803129314
34.18884291267581 22.286183459476554
7.721904263566079 24.979480401090576
32.500444661341504 19.56544884653259
4.063714789168819 17.015185126660917
32.69181370086702 18.606783553364707
32.179103888934556 23.573046920096086
31.782472982404595 20.219696022951357
8.45151063138141 26.527241782953904
29.89716089472237 21.322307264437562
4.2667067138400885 25.219115523778648
3.1746109956860744 14.372864044735609
8.957084353692807 25.900039021597415
6.729088301504264 25.95285159440145
2.264641796398827 15.307459962566917
6.842046969884035 14.784565305700806
6.103706382965506 27.9965498146991
30.120927577667963 22.782782428245152
4.695074697653288 24.642732615312806
4.327312300610879 14.56257360368263
2.2578094794741803 12.467057521273466
5.2044743025605635 13.152493643957971
3.227422919425332 11.899830152813063
5.97283755412357 24.006289069515077
5.317327259015095 25.79694729474454
3.634366212961235 13.744799669087138
1.26069537030352 13.184850706041331
30.091834602517707 21.64897501790621
6.182299686857334 13.497417174569405
3.091581461468011 12.418905501846602
30.667325353134025 22.984144462636266
29.85199573572597 21.861457873173162
3.1833267949401343 15.51957949971928
2.8890163117639758 13.56752409226012
4.9415740699428845 14.906251073725858
33.10940512465876 24.455910928341662
29.47511989194827 21.520137410392795
4.975396702955836 12.83585980114027
32.00964337497645 19.94912148564487
3.506761084004322 12.056131365742084
31.138115525389757 19.376000022229352
31.788324918465868 19.469135708403535
6.030360463881154 13.3617085476665
5.139165799088893 25.35105875768445
7.114055599379935 23.74503728697868
4.225005227205044 15.140257870910004
5.075165490860023 25.040476978402985
4.888884240820051 12.028878801554594
3.908654143267878 15.473620266705959
32.29575785349395 18.783823631891458
31.104920180646236 24.426846255638896
4.505605601373321 12.57667497853227
33.464737276190604 24.147665750142767
31.019610248008615 24.564808246848454
30.892172813695506 23.536327861084974
8.777900148210621 25.903723192201475
30.230287620124805 22.444949012409033
4.333900752115821 15.793058517184933
8.561735350466078 27.453485542444778
2.4574232238501743 14.03286864521222
3.706835479307246 16.195841708421057
33.53161212789632 22.92616323153467
32.88782203405556 20.35473767090516
8.882470547659661 26.024160598883338
6.852045313276916 26.198074530422193
5.392153404345306 14.528897341240324
5.933970987779457 27.9344929149675
32.674643989262385 20.430708932757636
31.40431018678425 21.382206223221846
6.993759497034284 25.80422182714781
4.664927704698148 14.66427656685832
5.040186421114506 13.726562460397131
4.651779289261305 15.004287847636128
6.193529462841284 23.262400545742302
30.13800357936301 23.19527481698466
4.102532172402325 13.26401686290823
6.889242339725028 27.740080198774045
4.615140891572949 14.628752087771758
9.55193437530776 26.220830012781104
31.90863599863736 22.49871360934507
6.9354312231031745 24.73717531462398
5.341805360838286 14.118562594787704
2.7932836197531703 15.86344675180746
4.206538468937114 14.253515319804777
4.440526347568627 15.343141422070268
5.853270122504605 12.942285387402489
32.00609715521232 24.54008221533599
4.690526523761385 26.112247937181387
8.728456326587455 26.249244998027656
6.849186852468468 25.579040363936855
4.9330603120599035 26.3358149261631
31.777333306646447 23.479157571956613
2.3263857480380032 14.105822059017386
30.774719869019567 20.560473103490214
8.668224345953275 27.45106074703363
4.310218926590501 12.49439091748335
31.343391115241346 19.262903467748988
33.316168826225685 22.69994630046741
33.66298648225517 23.339029473930047
7.670994652620655 24.065361235391812
32.34144172357412 22.923289216871293
7.715154103520116 26.48091560101144
8.741669027304155 24.842059748942475
4.9799470247880215 12.449447418619606
6.134084086406432 24.61540627380127
3.649634908522299 13.36287969205378
6.054092497412754 25.592404870049332
3.9479970720751716 12.298034662981411
33.08773362986834 21.545211329553354
7.483158900941142 24.71360978560234
1.645650084190934 12.144484256922308
4.120265763260632 15.330344322264114
4.7820343791303355 24.671377935045378
7.654433088672111 24.72615644475903
8.486569161985157 26.13884823634978
5.888522916704417 24.70239400303065
5.013533189152642 15.841811077848003
3.6333456230032173 12.651995897307785
5.093698582955539 24.801735352949734
32.504881759105395 23.80094259284114
31.686719566565408 25.114781608827318
33.18543339207348 19.761947916504354
34.45343386079212 22.464897728617313
31.486115606779364 23.639944100379896
6.471839046231036 15.353479077974882
3.5329098090386744 17.265668836335514
4.737089150274274 26.36658679472276
32.9375529275781 20.922847287024453
3.697854709719024 12.09677466964817
4.25839762425416 16.054939262493324
5.821028830825772 15.433787327525927
5.988506755313357 26.776578734832526
30.763479476616883 22.965193979829237
7.3855631088354485 26.354434725420376
4.865022799465773 26.780847403745078
32.57027664830374 19.931483652044417
30.736697717897734 19.62125169754157
30.123066841071502 22.78870489487928
1.2835094967257419 12.509710099574512
34.431772316129056 21.903188517387328
6.595420012616732 25.55317335139263
5.3306928269094325 16.197665807191072
4.608397496815264 26.157481399560012
30.229674351065587 19.873631160650383
5.031113438662668 27.311683359647944
31.774796693046966 19.64169439091429
3.0027803127657604 12.763343848288212
6.640803191113677 15.760044798123294
2.0498956679015965 13.91337688300673
3.6717179525766444 14.183511958448083
31.764759431935506 22.51701579304585
6.3170100078443765 27.128457590876252
32.14728920423492 18.822971955383785
7.372442502148762 27.02660652849877
9.203813890574311 27.24817336326357
9.474208882190844 25.62601874704923
6.266480027701784 26.09456067778291
1.8637531986506155 12.961134609086628
4.6930637340320915 15.203521976978218
31.959867208044646 23.30809860739137
8.148129317093634 27.42450345216203
3.8575140801135865 16.122885723128334
29.87579870009866 21.032680241616642
7.2481959590527625 25.073344116438705
5.66558453500404 12.899559114210518
30.911967502061888 19.600666152092803
4.4521192802361105 11.628462371311965
4.531304089804308 16.550315088971633
1.8713331524105552 12.7489119745107
30.80716855719839 21.55720933309733
3.673242339458568 15.609163519478656
8.402935214830602 28.47230306639389
31.438154181382547 21.73449126300512
3.6447263209190677 14.645176423712986
3.9417690072165534 11.77008908566716
4.500121560929723 12.392484014873443
8.188381543529342 27.28689123036668
3.2830171965814223 17.24231946767555
3.44371913970088 14.706859864907791
6.1792324576974975 27.68762948901053
34.787940220200646 23.379298504151723
9.746171350489853 25.27656134770558
4.747148564843329 15.009415009717623
4.492347005194129 13.68900105143175
6.456144424290784 27.255437925406603
2.1851142282950384 15.359391954863709
7.51676963128757 25.580412796814436
4.911363917784799 27.01275413514804
31.766368905180823 24.50213768944956
31.04936035678129 19.657098277439683
5.020033813842245 24.91640129669176
9.522035406522217 25.967974437823578
8.12320878838475 28.061467428883073
32.45174886976013 24.30652666745147
32.87365702454206 20.33074255240919
6.7003628948272285 24.688323785134312
30.808826909166154 19.682484106012367
31.48380246211108 25.413133945117764
4.347799098739946 13.0111480705729
33.50223730256202 22.42508583966251
1.4059974332050094 13.235673442317923
33.25700198764161 24.040261673819977
4.570366066321393 15.538091170731228
5.956639317136068 25.050046993317157
5.8929879810939445 14.724580042609183
5.405651156363927 15.956230964338712
31.820640656438265 23.483561940840183
6.41752021243786 25.9765212768113
5.172495882768436 13.056339747723861
3.6810808867407694 11.256646949253895
5.439474443052845 13.311445890044187
33.424572963644806 22.55485738919806
6.599841746010071 26.38781210096431
34.344284524322475 21.733200640780463
4.138306778961244 11.470959094014415
33.31508283570666 21.9977609358387
9.065974074088766 27.62991171246557
2.118920386400405 12.136659643184089
4.5258498577234985 12.17728835733691
4.033990994754551 13.494629732420588
29.97405582025709 20.120381731442592
34.30696902530562 23.803755062061924
30.94890332075934 22.52359081165905
30.423714190174937 21.45190345108074
5.482464276979256 23.977770973667745
4.254646353316721 25.30768388645447
32.27832500799636 21.12311369293377
7.653442337542703 25.576677605061587
8.472524587915457 25.546749657660445
6.4882750974777155 23.764841702483107
6.63406460686353 23.397595654040163
4.935891501388543 12.662231126096742
1.674051357797874 13.595729880679533
3.7291663932670027 13.385751047466876
3.620148504207748 17.120209774949473
5.7719047186892345 23.535751414246455
5.834432904214648 23.255445334544557
6.294210043460581 15.524030561189031
6.811580060293552 14.851150315347502
9.824312746325038 25.617802696320208
9.201204360367687 27.028861192782994
5.093078874698153 16.410222564979286
6.420507031705966 25.98855421848405
6.4754080397966405 27.11529550080505
6.248445022908578 24.110501334785074
1.7224702072044256 13.035885136617406
4.874846983618591 25.448875276778953
5.085023068678635 26.93835510559385
32.77441233063577 23.291485775236985
32.51402752294392 20.356882995212654
2.8872554913139554 15.277454014925674
2.4406622879913193 12.118534536902462
6.469591439649557 14.706427703400987
32.12023651655958 19.460468614249347
30.749662060611058 21.66021412211149
4.764089940046929 15.962880055328865
2.912269429233881 15.24697905491769
6.303251897881501 26.62166507200537
5.286534401233815 26.854595080810206
31.659074416870524 19.724754352573555
7.124934037434292 27.3686061810234
5.81581811594929 27.564883121446908
3.5247070636833087 12.360850538764787
3.687794241505988 17.061182544279994
32.1264345123351 20.367965338920143
31.201294855051167 23.58217050175249
5.523249952827733 24.948252677878372
31.694412776964008 19.410833366287548
9.271909692744654 25.71154337980283
3.710910423788256 17.048267873501786
7.583778218997745 26.739778640439035
3.5865693808985513 12.023830942025791
7.107186287814585 26.75994109111797
4.588499815173157 26.01651071151516
4.739419884254087 13.381284911787224
31.80896518525965 24.11281935557938
2.963526052313159 16.636614013330103
4.844276872376933 15.47089149202259
5.054777429284304 24.393331985040334
33.34827720498228 20.319748304470163
4.653167243448228 12.707593447148138
3.726169363834215 11.293827697399987
8.100868250357419 28.837943380359505
7.948991637620503 25.738120769584878
32.88286301072855 21.919946441097128
6.743144887808371 25.272518127060533
1.578303941613342 12.245469751607
4.558235494514872 10.840388912254202
32.62573838306703 23.61054930343315
4.748925747131651 26.502707717646448
32.323150607001715 19.36532031983826
31.37135307689585 24.515244836796843
8.459913312369569 25.506636513932243
33.53099067321908 23.270874304619475
5.528728602627553 14.796940467872085
33.01170315099646 24.505145167863546
31.622626873036054 20.362872301770867
5.201122540243198 13.156895730247287
4.899598625247743 26.56515704519073
31.99848010465669 23.33154403143859
32.40949198833236 24.14159931846064
33.054008175610896 19.56592494739678
1.9820380301277734 14.523441951424415
32.14741172557209 22.384524022843927
32.283196827071535 24.36157948771003
32.785126950588975 20.400080662879784
32.48396611487788 21.7742563723194
33.01956682774385 23.174057122328627
4.95224845949687 25.070733949076406
4.614918043616256 15.410600277964322
33.03811334165211 22.375917437946836
30.9988308886694 23.961953292254407
3.041226455659593 16.017466585773807
4.781511894425089 14.739194416811419
9.332640542565791 25.928934837138478
33.039848847457215 23.726772493841676
4.216545152552335 16.916527950880877
8.114773814482026 26.405100338405465
4.291969660496741 15.7584320645745
4.856583220056494 24.923085448960357
7.424816974474962 24.84296437692922
8.595108348784915 27.73539973460408
5.310386315207116 24.16315049139723
31.452398325212286 21.23243119802168
7.537855462635341 28.42050660051533
31.911870117853113 24.82118154930572
9.47126435490129 26.59589664431494
2.6658196606136606 14.824796680584775
5.898423636073197 25.38589779614679
6.435950187859474 25.26337876335672
33.89195474858849 23.110829367377146
4.941828164512544 15.91230733444701
7.424096781634758 26.222192215951488
2.561060892671947 16.001666838628875
29.068482193842485 21.03754335526296
5.323442167056526 27.500381662867998
1.8299389014340002 14.43526237879047
32.787586305830295 21.15228668916664
34.366364442955565 22.16816659283312
3.63604741985389 11.236941615652405
9.087711420756232 25.141078465762828
4.235185675595106 13.994653130093385
6.760666004383223 27.578185955350015
8.857097257953965 25.80038145125261
8.789783807214818 24.54835434472887
30.302181806610225 20.60863954792727
2.1540733439784083 14.313687992837863
30.688888082164503 23.00472842375699
3.854251446658984 14.727078398388471
33.753260558108614 21.339075029558696
3.0108620804635047 12.132075542949291
5.009503568375553 26.282624282391417
7.129412990482702 25.11255441757062
31.33270907500962 19.976620037513438
32.83970439752992 19.032942859184303
8.44815166650546 26.158133890428214
5.040948642457559 25.721077251936745
4.676094383476587 14.295484727082124
32.504115915155126 23.78257902743951
7.868237255547338 25.505497472289367
5.3431026925459975 27.45871071111598
33.47522665000148 23.553981464387796
5.848337989128316 14.732469883350063
32.75791089237112 21.601003939226935
31.121020713873047 21.246640127710457
4.272980554316264 16.83994635562788
7.131729036661452 25.91874298561411
31.634379613177025 24.458726333500625
29.494102765712153 21.462764195412078
33.037393230713555 22.337939855127026
6.303190922491862 25.706588314087806
4.335501842464051 25.102653418800266
31.061870947405147 24.272837504051758
7.972244532925631 27.7739962536019
8.189084021080753 26.61620611630264
34.5587903898331 22.941919481675246
1.9341104627989099 12.682746240888655
5.383399567139216 25.032602128508557
3.8362811331741424 15.091198453978707
7.171472932777428 23.65637290644775
7.351797428367947 29.013090475234716
7.130967384376547 23.619061373933015
33.00063031289104 21.53445933757506
7.012783733640297 28.343312612309912
33.71040817175474 21.40421017569554
31.88015721449979 23.222715986641386
31.398847394125212 21.176217443729282
34.66442223349871 23.436474688125394
33.377701091050845 20.3694702287704
3.5403672595665947 16.093539222714373
3.350028690542307 15.395023388215938
7.052969958290091 24.88392094271055
3.5291642367165856 16.402089730201777
6.512122572000374 27.567659727681907
32.96622275890641 19.525020595431677
32.127294622025204 19.47865242954392
8.174606288645297 26.09904026360735
3.58029165203671 11.500686186793963
32.363291627017155 23.02321557882259
32.77072830091165 23.842772043553165
4.680756106226838 13.79492765945409
33.528289864625776 20.720738928654892
5.786310858362212 24.2768857969575
5.644548365376044 23.22708943415262
8.729155874156678 24.505957741916554
30.88913842877482 20.656910522024106
32.4046858674579 23.893001402571095
34.58484398984792 22.761060202910144
6.246809967598966 26.126464856952985
33.43649912210049 22.406825527023116
32.292820379388715 21.561512774331337
3.481188050896771 16.379383977623366
31.67951591565532 22.56323482444082
8.767443835518037 26.20835984134422
31.747365884646758 20.42952059062786
8.378079367442552 27.528457366387375
4.039417391718769 12.06633748322231
6.099377557673488 25.33105805773988
34.112630549028665 21.544497031349067
33.37462757093664 24.334752021542073
30.14717903510034 21.649925101853196
6.728973202592817 25.481587278276148
6.84603224307775 27.731493815627285
2.95741479096181 12.325550134702844
4.628155823173017 12.117015804331105
3.8851719149003436 15.609312220673731
7.3440682167675355 24.74418131952346
6.62714096853931 28.320172365950953
2.2240684317110975 12.791238030101589
29.479871121823646 20.558569002693886
5.111058742483395 11.456350505828269
2.533230157708039 12.643577086215743
9.189687917538032 25.715275110302528
6.865685752240392 26.98268193740753
30.260574396789156 20.49349977992662
30.443331369259823 19.809277102606057
31.222679822203972 24.198524974260124
31.91353525684151 19.786499030975108
32.74212708603698 23.617638101041408
4.8720941491146235 12.58690075421939
10.31800425751979 25.72047271617608
30.770661743631806 22.483037999766257
32.926423348331554 19.81309236085254
34.55577235608125 22.136815455192263
8.796213998752462 24.773755372511168
7.286139317538225 23.737861192202388
33.82749959748536 22.097664431623055
5.96075578109152 23.05940157118525
4.828089830740263 24.37458043250406
29.970320129294503 21.336186960663046
2.8179140350467473 14.908612269114668
8.028589651253277 24.968625365852315
4.547697904725416 13.129865324071764
7.711024822806481 25.492312874702662
4.471520827828702 16.374640622158633
3.1737758377180727 17.375687025857637
6.6551117416780725 26.416492564054014
34.75527611266468 23.005501843853267
33.69218508832711 23.755348198271697
5.56549070582198 15.329412209151583
32.695426300054194 19.473160075169837
31.924817135867983 20.74207964533847
32.275697335667935 22.17153003407036
4.190308282470083 13.176993934088596
2.899220410989199 15.617996822430527
4.408994433507263 16.67953259684466
4.467995007618167 15.35544022249457
8.994299262743166 24.99955670460921
32.56525617058408 21.351598935814476
32.82356779409796 19.5055940458097
31.066227532095475 21.46057117898154
4.569467265035197 14.380602399170606
4.903411886282398 24.600955518795672
32.04149434643233 19.08102971494997
33.85196046639942 20.767154643011786
5.693282581804333 14.401795447054248
4.369828640192525 16.211793104601522
8.402700761120727 25.963613879856112
2.063602496822338 12.494744871394921
3.0356757969384907 16.052236056375946
7.675598824411728 23.80491437532671
8.23219435212823 28.81841797613995
32.12318279851465 19.25622926015523
8.678282674245036 25.50564258053125
34.09559540304855 21.756861441263737
9.82613556860249 25.81602832948696
34.07592593866868 22.185014142587917
4.856673727629585 25.763051863965373
6.679326038508187 24.506864841237853
5.123111529324875 14.030588990512301
6.348271570911475 23.502766187422473
31.973545396718176 20.22084977048871
33.44407811983882 23.661286513427473
7.044739259756466 26.732787436231305
7.350877893783699 24.890057955552816
29.340972131561337 20.40498251762299
5.668489400879038 26.88976761553258
2.3692414821873693 13.071974017504123
4.135915077734689 14.827751985379521
32.63325597801809 18.725098979019734
4.906902395779941 15.580832178595184
33.56610424790307 22.985241041869987
5.913472748776929 15.987831466934013
32.615697310771196 22.20550803997651
4.166438922319722 26.676043038537806
29.859296791916798 20.94563434559366
3.0567443659658933 16.48581042537324
6.5487027107967215 27.72523726100781
5.118872685416163 15.240657081214874
6.456875556941687 15.757202602748455
5.673862662295798 14.942014103204803
33.115784164326904 20.048257034491062
6.992237084490354 28.62968682574508
4.835847746031168 11.85507197358007
32.999350341465515 19.893042559558243
32.35229459540543 21.61301686254856
6.017434822270223 14.111020535917975
32.60022215189313 19.189306219612718
3.8497358074480497 11.771417457476606
6.004244551125039 23.29434508822358
31.20380064961464 23.055465376766513
6.829028105790068 15.265871208945367
32.92499360299624 24.463382766286173
30.71361654944715 21.28347302529222
7.294161410035473 23.615217360814135
31.166565692813045 21.179363525088096
4.755711166752237 16.491033127697406
5.037716596897267 12.584363425368776
4.708715173055056 15.623104918525378
4.713760731409549 12.131587536041266
2.679402441188307 15.044766625985735
2.9129709847149643 11.724397659675784
2.936066367131793 13.50530326090794
4.3139865373695585 12.239148041245226
5.44180283690665 15.052197970133781
30.456739258885044 23.45142178454141
5.311449683614474 26.52346056697562
3.367024861887496 16.675098656515903
4.534858034192125 10.9136457595356
6.820524642107721 28.322825103130835
31.397787355631596 25.434747907485757
4.761586770821159 25.878324459903748
31.47874538144715 20.446876958638608
30.91674023343183 22.43400502475033
5.636413287067518 14.279063123022098
31.578153402495925 24.256944532149156
9.046271271381592 26.32752588549634
8.702107707455744 25.302406690198936
3.9855663255703613 15.838745882023805
2.8762340146846337 15.944254177838275
7.446366857323439 24.123891588173514
33.720152467343176 20.69245208991122
2.8573872740986324 11.963379734545647
29.481588300608305 21.424459139793456
3.059149703947365 15.756294865315182
7.282300208667921 25.08934653677402
8.829829943139478 27.79665848394945
2.388088606472732 14.87348923065662
31.746129526399745 22.817151838826035
33.58436008437667 24.205173532711157
31.357936791241574 23.294712954219168
32.8876237642498 21.7399615774376
29.663831165810322 20.62409475220483
8.7126959048262 25.131149106919093
6.9651009831629205 27.053445129663295
33.04779677845381 24.01527788904617
30.55782655410629 22.829800187894172
30.713743408893375 24.241726120842863
31.99953257239645 20.75268173570959
5.780414724829798 26.15262603971523
4.5341070236732275 24.797336359510894
5.598680818447359 27.210116494754995
31.79377732189626 22.834822530220784
29.358651861887893 20.7251734391436
7.10325386714969 24.790411506282812
5.337505218568229 25.70309244645603
5.367347738332942 25.86235448263214
3.6645019278665987 16.56717956502157
33.88929105088655 21.81024237925574
6.619346637184167 14.901286007097212
9.133377203847328 26.770376990232624
34.49754748236862 23.37810167498772
7.637430635176064 23.701836791423588
8.051901298017006 25.673144292925024
5.288195559035382 15.821783019197257
7.184616244370016 24.59368760746139
32.977029750704894 24.027082676646817
30.744732255924045 22.524496891933833
31.66079315151503 20.49808598366146
31.29443013057223 20.87572980628108
2.6508224890749172 14.163751521654056
1.7872419585292958 12.114856629384887
8.124506096847053 28.665767732260615
6.652803894806993 14.655318025803362
29.878110575398125 22.710211856488275
6.340832300526234 24.128830625804017
32.5953803844587 19.21213926521759
7.271883161944038 26.522517161164522
3.741338058222645 16.03054802879171
3.423996955543377 11.289007458949328
32.62617263508171 20.339436888678964
30.74290902852637 23.918328889359817
7.9405626687139605 25.887539772155186
33.75022011903017 22.332510743790046
6.460438292836409 24.42127965512394
31.74568845572701 20.169784658238108
31.210970734209095 21.198908187970154
30.22726895638922 20.91840579964155
5.847078010872591 13.538841720750373
5.988980684688984 13.571084298402758
4.473489748558883 14.62032390588833
4.302053705243873 16.471191132196154
8.32590477214255 25.9947820423241
5.916105982606978 15.38296396084817
6.900413816214901 26.195126698990215
3.9485998957725066 15.19535976408587
5.926321387545833 22.912635844712653
34.03610933958533 21.131125824138604
7.948598030081422 28.260891673338914
3.1838611070218716 15.602333013569714
32.659053002165315 22.646278206288365
3.6191307452161308 26.092822510090894
5.958421791203001 13.578743827051474
5.611848512203503 15.221384477148222
30.274876603769766 20.24693882638597
30.76284315631372 22.78544437868145
3.080656779565753 16.437706256055566
7.117341832891403 24.77327328149222
30.6095055267374 23.524886133655272
4.716222027608646 13.216140737505
29.974145182946277 21.205278696139068
9.032638452509829 26.86732609138168
30.626985003115855 23.583000810925924
34.816449751758825 22.667589924210365
8.736160020920234 27.587504031556257
4.298958744641492 10.896186858319126
5.727058424444674 26.447290804680495
4.548925021509066 12.751518753237137
33.25264738139562 22.40074688878903
8.03730235894047 27.05907963611831
32.79141448936289 24.625723738986974
5.415663339066665 12.578109587944969
5.397467412517512 12.173774016849334
8.872675273573527 25.261656031712583
7.2978997312115705 23.684081661647497
4.958315605882711 26.324843944203398
7.553813220286019 28.898141299948332
6.977164247300808 25.51210172387821
35.12007912492174 23.297028961300494
6.11512431666312 27.998231517361447
5.633132177477554 15.614138262277988
34.174842993519356 23.927703595830344
2.868583900094116 11.699673052313535
6.955983028300073 23.68726237875559
31.535859981971743 21.818795590343484
7.881968387851588 27.513538623709493
5.578860498185515 24.608186970062356
4.801305566990781 26.55673268565318
33.86286578524615 22.356726364756366
33.61074466321327 20.902259906614606
1.2041755750708676 12.509220357464727
33.21000120135933 22.355205528663774
32.10012925296175 20.257310680765503
5.691057230618812 14.766420756202004
5.775107146162856 23.085158315278775
34.03253930541111 22.41883550129795
31.83492918079435 21.507418686768386
31.20359078002542 24.38428627279047
7.65670638619282 28.81401117671263
2.155763987114352 14.92606842678978
32.54723725856901 21.520065945577226
31.729003638416792 20.661633646178604
4.537199668654956 16.685901972278057
4.8862541845390925 26.24633754569355
30.94970225932416 21.557508558973403
2.9239403404199678 14.057807592632965
34.137512250724114 22.975660790207733
32.95522479907663 21.85074876661686
3.605953571895799 11.333017719878208
29.564793303476193 20.556968822770997
33.157204577677724 21.304105162261184
4.823291091763371 15.166113695286448
8.440540510277279 25.927493367582898
34.273840086827875 23.725210023159782
8.23344256556742 27.484158258031375
8.982510282881243 25.551745492980164
33.40492177786789 21.34325814042158
3.3020956629308227 12.237712835376946
2.112305923176204 13.00350145421214
33.49234547203062 21.395247544391342
4.6145457576942 14.206671173626798
1.898842112630426 13.550727037673793
6.38928751120232 27.269059140785952
31.868448639064393 21.807762990147346
6.619534793193267 23.494442150239635
6.989133383589346 27.867265927565267
34.087943912615046 22.79695080050834
5.569340472603298 12.732520677736016
31.308864083228126 20.250869265644642
3.9544951440046714 25.75089620231791
30.856961300189127 20.55456932163841
33.685665700416166 24.043196024434238
7.171280165555206 26.039655956672256
4.820047215511707 12.21909096543541
3.899008713345579 12.997626453572103
6.148903345248904 14.266190759815537
30.651933801628534 22.25385817595968
30.420897699182483 20.19296650645491
4.748037203386602 24.854279173931964
3.5139915670073503 14.02366694310031
34.73667490950562 22.522715580602505
5.3805065802318595 25.37323057831312
2.043246241996841 12.830440862902895
2.3893310916239665 11.919553592849475
7.737890100889062 24.148480407596754
31.062863820949815 21.5765937898218
31.784833588865524 19.263516192647856
3.020907486448066 14.668436987012793
7.244652039375061 25.60663315613373
33.92487970983106 21.50670180818168
3.340081895739606 15.295583666045516
32.04978534079366 21.410837798969474
9.591064451687204 26.297285071102465
4.166576973226279 26.162907768422652
4.531543974249219 16.096707886806275
2.321230206809915 15.50148143918829
33.594356439899016 24.120576612870472
32.72965114713455 23.56672625563111
34.09082860314031 23.22985761523806
7.909770415586047 29.08419371970732
3.4817322406092 16.697309496021738
3.2140448430478274 11.869221654641045
7.301624308205555 27.175198147403353
3.0743429346077775 17.104431673258315
33.63119052110924 20.969622156422492
30.408454266404288 21.079502387728787
5.322580998575661 14.373110201779602
2.6578442030485814 14.24473324111826
7.926636245367586 26.114978930273292
29.692219017530363 22.129530105607806
5.471816560017473 15.234428722382905
31.920248924740505 24.17678002057403
2.8519559244612642 13.056149122250664
5.001840387620274 13.630343226431556
3.852536401816168 14.702529839331392
30.726438359241207 23.344974199883303
32.19304206585532 20.538684018265776
31.98067075243775 21.019325200356548
9.8737184855154 26.43995881811494
31.95195771155992 22.20590010546378
30.394972046415077 20.540180907551694
6.840830764314126 24.65752619624132
8.497661809431518 25.399893384945518
5.899125244990508 26.37489393136015
5.5640464291079095 14.580145684672619
8.721355224254266 26.78772131328527
32.03372495885335 24.612514653175253
34.14131320067857 23.848065311577344
6.215320817778928 24.057826742653205
3.3413640971629133 11.789943216491565
3.5918665286667055 12.620469764879248
6.924459275157719 25.88468085687784
33.49307756434449 21.739589773062896
2.4007001226645563 14.141018321793279
7.222051539800313 25.800193665238407
31.87302450083817 19.851307832619128
8.473103015577598 26.08696489950786
30.881160787998667 24.041842207332174
5.1036081218641165 24.08317095339244
7.959103724291559 26.014589791040198
31.2618867431973 22.275606051793442
32.90159787009179 22.99543312296264
31.847901603943786 20.947869243770988
7.785965480235586 26.65027142466882
4.882430874298578 10.781548065030346
7.09281507892471 27.083968926010595
2.8419153388045015 12.66763646712094
6.333493016007717 15.472744874601414
32.81367708533132 24.61436872322957
30.171347037226678 22.579846242853737
29.006404173688033 20.96121733421638
1.4100413215404242 12.365218254682159
31.524605635046616 23.20685890536783
30.955695034694212 22.686987276091948
31.038024250586556 23.381346360644823
5.8687358605754625 25.382738191154345
33.6423891049196 23.879049088502043
5.386970896634962 25.009832099988255
6.548921065546242 23.108799270272677
31.58739227693137 22.379127372956635
4.529066128343487 13.697323479482678
5.062522779353073 25.39376030533451
8.483826800537729 27.3686792815309
31.942733084987477 19.326940683983672
8.143021557804307 26.194807931966906
3.5472577608544933 16.877945673785995
7.118590546175877 24.687614295697383
6.967870228870959 26.58267288799343
8.396439087163026 27.887126793429758
3.6525637603093823 12.529294116318145
4.278647959057661 12.865959391105552
9.08661961803961 25.804622811590235
3.1554185020593257 14.563316457759244
33.50333308234124 23.047116444815646
7.8430308878612625 27.501604310131587
30.675364669119187 20.531145354549707
1.9098297186284414 14.605166957046226
32.7645661250057 18.99541985584382
31.491562770956836 22.26622223403752
32.41978067497677 21.64032088642968
3.996389177238609 25.79886753552649
6.674197367782852 25.673197881920085
5.962981400590986 23.151141739105334
5.190426615041543 25.403622438641865
2.635938035574536 11.68010425318377
33.376770387695615 21.46374310101219
28.950125746772688 20.690832345297597
8.201816742213332 24.81352432817041
7.490254631141984 26.51389426567399
5.077025802250085 14.06765635666138
32.36159331989149 19.41074278496942
3.721227446360692 15.748212289355214
7.4778988022471395 27.63170021193049
6.40659543608498 24.79546332326847
3.389398624769509 16.585630592213263
33.34429981414598 23.455797182167004
32.66290625426919 24.737517790971104
3.64144546727841 13.023226038771416
6.271492462230207 23.260841176048267
32.20558445297759 21.096403672882968
5.032116447436046 13.91387095954726
30.601254409529876 20.077486218894492
2.621652673359736 14.153794227274815
5.021999404847513 26.815048513242278
31.44327088321449 19.920400278466026
2.9132345084906706 14.279130074807615
5.876864131983993 25.207645096717854
34.67242838568569 23.304047726577892
4.105133963184895 16.4726310373339
8.003787116475872 29.041235227084865
6.522454983216493 14.992622025359806
7.635385139092746 27.103611133663115
8.40884055888706 26.11437270146962
8.21013353710804 28.362132941404592
30.43838670910614 23.57758404526803
8.137009625857932 28.753553571857417
8.529047482575262 27.043191341807564
7.6257483897211955 25.31916394420086
4.303829020851682 13.989409186865812
4.021196837255094 14.90151429965454
33.69750311097746 22.745538813851663
6.7185881145627 26.22640354845932
32.718008281383504 24.575165463136127
9.00863369314825 25.402306893691442
33.05425376216899 20.72606269104466
33.7061604714007 22.416689509556356
4.240066980136802 25.632637360693597
32.70463419123261 23.83305547345402
7.453458507263728 28.104680066626468
32.17758565288099 20.008650096624105
6.644303764433511 26.99652379705931
9.733338572788693 25.56916990290607
8.321651375184029 25.44514045557912
29.72184740537414 20.14553228635352
5.143936963819623 25.29371312254483
33.66820494569236 21.609299599767603
1.312669996841123 12.698627180915112
4.134841764930871 14.970050755398974
6.754615844954159 25.569735476986498
4.6742711877814225 12.593444616433848
29.87650133689514 20.410061125581578
4.499477331155241 25.78148197310324
7.251046601630463 25.727353321763957
8.644235102319751 25.246146424271444
5.210740994853511 11.367330447999759
32.93362405467924 23.0600385586211
7.154393992912374 27.426677366836216
7.889138073184901 28.80312207036183
6.512516295546012 14.015487328641774
4.85332099021645 25.626725605771565
3.5288531622307526 13.416195678728426
7.985915918870697 27.493817352022596
8.681443564180498 24.985086539094876
31.307267252566746 19.403294826511832
29.69959689044251 20.75278504965085
30.80436062306312 20.48006225581484
32.383976895728985 24.19968903302514
5.302610342809261 13.984018324982069
5.266337888639735 15.009746561960604
7.770239546023805 25.495588773507865
32.30157766080959 19.892565910353753
7.789184853208942 24.198082860370974
7.876351639418231 27.867165667694486
34.66716345652522 22.599434488285322
31.18871072219639 24.727229617165115
8.094295450476345 28.29683148941509
8.53130057934866 27.32249720474293
7.149118116651734 26.960489474549366
2.837562976743554 14.64210033241869
32.32529124386782 19.69312184957997
2.8016941770007526 14.299038115958743
7.242459998350351 23.62263570820439
4.746939062609986 10.778126855220105
3.819008520865333 13.849596724250466
6.247930138030567 22.99578588355675
6.904554362779651 26.983212636532922
5.723676257491022 24.09926620005853
9.779429893098676 25.54077303975261
5.348463835922377 14.59210255332124
4.9663592082152785 12.314192587420136
1.7378131841077922 12.735298509173866
3.86254708069651 15.545878052802749
5.390128179751954 13.586025789238667
9.40964952263609 25.43052620752962
5.537830569213319 26.36854893383164
4.526077114827025 26.04974742324204
33.442982012389635 24.25837936134509
7.62527193848376 23.914659234217773
5.258292133594262 11.785097388832407
2.748590492140239 14.978611992566782
5.155968919357829 27.149236728834815
3.357189891303597 16.205823134800802
4.538269208621438 15.483083527715904
5.83080750093201 12.729757725658398
2.451898513360388 12.113624911135366
6.640432870824451 25.281047647078307
10.300336827042429 26.09756265570572
3.556677805898759 26.179936289191378
2.019249628466845 12.570466741564413
32.826702465300016 21.551622871301237
5.501943860514352 12.91017885268162
31.75185618055121 23.796881821400365
5.563445634844566 25.850840197786255
6.040238532510878 24.11048321213745
3.9984393708877466 25.55876632083374
3.9613613188173127 15.386624196271892
5.749871423777183 14.74502684236701
2.777179981192617 15.175378781623184
31.81522468339734 24.20999168257153
3.993576792343313 14.094868888183365
9.356428020042816 26.15349533675838
4.708413683559441 13.422788047075443
6.398806321110121 14.09560428743425
1.2025789516428294 13.15266495579553
4.460832964810088 12.192722581418705
7.89123518010286 24.725215618386528
6.0598034471558035 28.08112212528032
33.451384049012056 22.733242720161186
5.187344298208625 14.481923899351903
3.265661926716913 15.963053376277173
33.78873003543416 23.533272769774236
7.04660699883474 23.83276960634637
4.873349813044745 25.613710096245292
2.9565900299802803 16.587664873773917
5.5083530532745595 15.692764473566406
5.983815495840557 27.051577502768787
7.226606233670751 25.222487202498563
8.875995428311857 26.221786479081874
4.676082726503903 25.303913393638734
4.516888838822463 11.023285741575652
4.105516451228718 12.58523530120382
2.4770582726562704 15.190617129182309
4.661780525808906 14.83310741640225
6.711871000250263 24.812801767611774
2.6295582080008417 15.23947909348082
3.121146752026548 15.58436168262747
30.688194628613704 20.426583745218736
6.850655855068849 25.212693523518872
1.5021061691885147 13.994654324813462
8.594928602071267 28.395768265742564
2.1648219565811035 14.269934305870917
4.893083651553136 27.191531437360116
2.5079051621012316 13.311792074996093
5.084063765253807 25.074345740856284
33.676529636915305 21.819420031990596
7.520303822984196 27.917358668090273
6.9803928224113845 27.464515085511255
8.309279319662243 27.483384179305204
7.669082566147655 27.933166710743343
30.841411291969752 20.699465732505228
2.0451026126712284 14.813838860791765
5.647413159996704 14.571697990722205
4.737148720840844 12.361996402032497
6.151713039287405 13.654214288325484
5.428165021902492 13.431842136450383
32.08337052753234 23.920399568930552
5.316298006295055 13.112294652024282
1.7646805483481436 12.661808048919966
3.023740556095638 14.946303772222608
7.486718386357753 26.50687408186309
30.506775359648152 23.443044433150625
8.447364773331199 26.809246721140433
7.833009765433315 24.056568289349947
34.73787575481783 22.764287063121273
5.7366534659984785 25.669901250375318
6.0378646355454855 24.48989627077267
32.09447696826213 23.04075512244315
6.556028494987375 27.150125810830513
1.9851994730804035 13.849803185529657
8.904090119331759 25.589947294278637
5.108149866501506 11.77771420946144
5.029521125384882 12.291615810683986
7.458554137368088 24.94122663178297
4.615475878628632 13.9360227181479
6.575225616806839 26.88726477942062
33.82801721687686 23.52288835873042
2.0926973456852447 12.384106584671244
3.0061390075954426 16.717731911693093
5.586664328886707 15.26126131191101
5.2089960707983956 14.707801355307778
7.998102920078111 25.598529697347622
8.097143472367039 27.79117852376136
1.9086805507007871 14.50085597716564
7.130381811126255 23.93765029823378
7.38733656447263 25.184780984322582
32.67350002838893 20.626221390105545
29.85733795733496 22.535235909002687
32.16013375404802 20.135907644420257
5.8265949431067074 27.050052949834825
9.06614746428449 26.159456754455377
33.65755992890712 22.505577135810167
8.03010675452808 27.573465023304173
3.628258216842932 13.727381535253256
5.953022022370414 15.575237967662122
7.8519789856378885 24.549730840227376
8.033941622387061 26.465068043003388
33.002233879876805 23.06374459125572
30.753963327127707 19.598299892707594
5.943984127571222 14.488753192880766
4.383861020297451 16.8183205563926
4.681726875800666 13.958490624805854
2.205924053125268 12.636603669846332
6.5036038474223545 23.79943222919372
30.328529131510418 22.801829719676284
8.330185628154636 24.797690910235275
5.15230686206753 26.404812993160792
5.517695821373287 14.844011216197693
7.291133147850108 23.858747518055246
7.713640089395403 26.401046470878214
5.5957275334495 25.880707059418956
4.945566915680466 13.85898326126358
32.906785872861846 19.857463666325028
32.64331014496467 21.34361704117198
8.183575592205367 26.977973228309587
5.3255894630434675 11.775567243373523
4.915089652384215 15.927385814798967
2.6545610451052815 12.436827259869892
7.653035160016206 28.70891671775116
32.70096633053206 22.861655553873042
5.930312927301718 26.32434750104877
30.312002261324444 21.21128217769742
4.220125653820864 14.776586722342826
6.19323143214213 13.825893608079083
5.405170098261536 25.885782925809856
6.164905680819684 15.183332328517505
31.72866965625403 23.499283554186437
8.089668381652476 24.65144581384662
3.1435592159277923 11.730041751462364
31.706312799692736 24.956141143208555
4.157631775927621 12.631471843396326
32.79098510259191 23.735374187728905
3.0008372236536403 13.95301219639746
34.534340517825726 22.328121964041124
32.16899127603234 20.175377308175793
33.46366926359285 20.85874522986759
32.15339513319671 21.638785749695014
6.174417194663742 25.938417672414563
4.830220553863188 12.45543249606112
34.18653004709194 21.43152628625677
32.803137932619514 23.258845876686834
31.372579223946836 23.00971995513008
31.73677142804358 22.28139015076873
7.098739869634247 25.409101511485442
4.300841989365001 26.790491817493663
4.63616262000836 24.901359461908065
5.404770960394005 14.305846587326553
4.995454709026813 12.525268998800119
6.85919490522653 25.93057831823892
2.194303524245472 13.226064436265457
31.20431932817767 22.061758036825164
4.664483591176725 15.011092272550078
5.773029394377387 24.823096334877125
8.794203276129489 25.620576597947906
32.12514304668845 21.483476432787402
6.640548875665643 24.551212919265602
31.597863670842234 22.927658399282794
1.6461271441381236 12.100389622807363
29.88073099782133 21.61681847263616
8.473122686182087 24.303951981000008
4.173441925663935 14.069198648229822
3.69076315851896 11.570882893033144
5.023611443170592 25.58460834277035
7.206474864350595 24.46314657673811
7.669238039008496 25.00413207337366
3.1391899500085256 14.881820525571312
3.534833379134681 16.78430523455781
6.0041955845363875 15.14229692539746
4.623847939722729 25.314235029499617
8.683647850915145 24.594614264606236
3.808052377292121 13.377750741460245
32.18724783026626 24.9374476362571
30.685041253985805 23.15779824311523
6.035445227914109 26.494252016193702
1.9961230798128207 12.208165675354415
4.292953092845183 26.32194984422645
7.78040832609901 29.303035964598422
3.7495835876426002 16.005443898588382
4.306473594200919 26.60412320708149
7.5651160448713455 28.041882810897633
32.981191416556655 22.760474333955795
8.673741967868567 27.59789225205626
4.7061821034146645 16.67243389591652
9.895987594911833 26.109418116913766
8.061260992574539 27.45217010101737
4.420222697991701 13.664785209683675
30.904647918553444 22.708724136228962
3.2909340256747877 14.563113606786658
9.429325464717582 26.11770604191536
5.085946352324971 12.321156074122854
29.422221147061084 21.27965213505885
7.8262480942512065 27.30616240713069
7.298327121717943 26.83373567734437
5.1817662423597355 14.362863715576383
5.249296671070024 12.979753591982055
2.210677230397417 14.237498725873643
2.9093368125669463 16.325839231966917
4.040945159413846 11.881824861234524
31.3823396845374 23.51917740157477
5.537120197600317 23.719577729113922
6.834355349925935 26.076070859506586
5.410099177010933 25.738894633740557
7.293776107492637 25.524699491776317
5.991054093593292 24.68045015560689
5.060477276574877 12.656150788840366
5.987275206171503 25.07612496795948
3.9855908489000402 25.994401584040432
34.51920240445094 22.172108703333368
5.731082961822444 26.993455534045328
5.020260829172079 26.0968090145714
2.130691895531141 14.378249596015758
5.46512414568211 12.998439713909914
6.470577460900332 15.200462589185225
3.901344962594198 26.45780422523192
9.467607048607013 25.736933488279277
5.209505093232701 11.957321761520737
8.264913550887105 26.295447504775666
2.8050086415911877 12.219818336274159
2.3812253316349072 13.960704734258421
7.581147215603309 27.082169150696245
9.105835976276868 26.08427883915659
30.440405645625365 22.435276514802872
1.306361503212771 12.945597805203562
6.091397246123564 14.34377154946313
6.088549682739931 26.454203395141
5.1051436359731674 25.884542703186753
6.443334953482523 27.498761584552984
4.90665714934551 15.784583612458668
7.745465582524473 27.15953916090607
5.0827295822957295 25.92395580050098
6.0580332937069725 23.667362448674353
4.603500382969001 25.3197055324761
2.8083470195548905 14.719982002056918
32.89483243164825 19.58324535376631
5.293294411307642 25.5902272459264
3.9328348106740467 15.820927375661347
4.112854576413099 13.436845789520431
4.443936060101141 25.676550621728836
5.963062797829263 23.477455483815014
31.11521632002005 24.097995192443946
34.35439239750265 22.6102463229643
5.652328717715202 15.122385322121374
6.653559472012796 25.149428333949544
35.07055087217721 23.182273135212796
5.9050198991326495 23.24820575802973
5.2044929521288825 11.48368961405055
29.64940952926047 22.29155745146072
9.774140339494698 26.64077323886314
4.502165531961201 12.23625598087976
7.034039205925595 23.75399327732867
31.634681855939135 22.33143440895225
32.89669568392639 22.516633928540017
8.998433888413627 25.922739316396978
29.61005482419474 21.94729559285552
8.372062560125315 25.276149488826402
31.57012331094134 25.268518089379885
5.142413637761694 12.626119879260902
9.684238338300368 25.51326597568635
5.775159086070742 26.53063155692363
30.882853734987943 20.51943930114843
7.521193814928523 24.552260620405757
5.291025076158892 15.902283434389137
6.068710329759274 25.677222224022394
2.988689642846236 15.984467565517974
7.990909387123501 28.880802589532376
4.362347936631741 11.07682534301885
3.147290963515176 16.092479946759212
4.147930521471187 14.212038422671672
4.684201125367857 13.174856322646523
8.371428232436465 24.551984785527218
2.6970329845396046 14.726058866250519
4.1203559287916605 16.714774812817893
3.165110270327105 14.253916108046907
4.230852293341334 15.19947852941515
7.042769226386924 23.884230812982537
4.8291217660937376 10.66633429962561
31.190161654408726 20.193793038926184
3.7327892793048116 11.893430182880213
4.138101856679045 25.547993476833327
5.595456276151804 24.45128087635717
6.061111883916364 27.09598898124651
4.724833707631422 24.47009501083783
31.607451569084585 21.2078158569662
32.67974675265429 23.185105326351128
0.9785417095764295 12.947072345454984
5.599102708925501 27.736336405508823
32.010671215832645 21.35576311847049
32.91515262593358 23.94189737004256
2.4822002111676196 12.205527518381887
9.350016115201392 24.952327535260746
5.955474098442659 27.42814253314098
32.316025038926504 20.998389210656917
6.4819494093820476 27.91701848940757
5.939048826265379 25.10510450424257
5.3636398909277245 15.205128782773272
33.96169938744526 21.93593755221364
33.26111735054043 22.621031482622445
3.8349404202455735 12.011763701131342
4.0123750245077865 26.230879907082496
5.443102073500924 14.001828712090699
6.886768682093316 25.09132733196631
32.669755959151004 18.675373252041933
2.2794143825602644 13.117295431845191
6.848223569164902 24.690614269216727
5.189007656995222 26.440908001887745
33.02234009007584 19.79945440851402
5.186526636301172 26.53734080290224
6.058978961220327 25.39925591259039
4.277342892540447 26.60707072088948
30.254102079729375 22.633069334433806
33.82444881817809 21.84318360876246
4.289535767275549 14.931133818269034
7.637007437418317 27.382902253641134
31.34612253207827 22.522348477898632
29.096827116375874 20.64647960446058
5.286041439782032 26.108328926431383
31.413039823105564 21.33487234471053
4.117684524633363 11.215927484727242
6.642583722299001 15.113423776689247
5.113556861201803 14.684038573916622
4.512864250626607 13.59632005883066
3.8887416913860413 13.161151428681574
9.495247916371353 27.251322077952885
31.319712077788395 21.239324271653043
7.920448397076802 24.87787974013585
2.670316199021493 13.834573145120899
3.5107927717600025 15.548701681780216
2.1312716276509858 12.140864708157913
31.289377043174436 19.764586274277654
5.702156570643989 16.10549842376532
34.97991324779026 23.049070079071967
29.92454928826408 22.42206474221049
4.147707449628299 15.125574994516601
5.927590102228114 13.093410508098577
4.178254088465957 26.48380306786184
6.868571626974687 23.64890802179934
32.64032607397752 18.894982671786817
32.654263592594326 19.787414831770953
30.823404408185716 22.364204853263832
32.451135738546014 21.317111639461455
6.491784366654768 28.000313202893828
5.328732000069707 14.251845876868224
8.053116022054724 26.396445872525707
32.129078541581976 24.5635700266201
2.7105506842614497 15.806455682646689
34.132018544843305 21.28837451868783
5.852582803138335 27.461393733449178
32.964589031581 23.6142358535022
5.9845730811258955 15.728942452252625
32.94506921639345 19.889601530951623
6.93123043812072 25.367117917467098
6.036695798699402 25.855076637024933
10.072837212258905 25.55797851263752
2.6396402962079444 11.685339153981673
6.791249056705558 14.96181893119118
7.158895314950486 26.20293350260571
30.846010597065632 21.013382045512433
29.28480967702128 20.80663080187297
6.996613526925852 15.221792749412526
6.183640937214609 22.660948860519017
31.530937767820305 22.6443432511711
3.899474789794183 13.888836204453545
33.40086341225705 24.222308492246047
8.75954273642613 27.117181975688734
2.247587848236128 14.534427077191683
30.922368198823488 19.682345771723806
4.9626840834969626 11.689697837468877
4.820777063766413 13.582805052792697
6.519966110358116 15.560749898292348
32.49875941457535 20.209728515510932
2.074742257454557 14.487827768142292
31.937763181993976 19.365892831238313
5.225013489986204 27.46929619617085
6.941835215578836 24.722401260323206
9.108038802503193 24.99831291333145
4.86759559281459 16.35119658970887
31.240636597441195 19.80356587070518
3.962988029241748 15.068531418362205
6.268253742253218 14.09114550995416
6.463997087281069 27.834090824644466
0.9640984353313664 12.786660254184351
3.0204896451586105 13.105913146898788
31.353681526496278 23.15335564181648
3.1355439119445316 12.698679551469365
3.0993490468287206 14.606030804563545
5.753350112721366 27.534075151628798
29.654728585855324 20.559215692748527
30.64625513306251 20.12510445541704
2.8677665473057123 14.347467345413948
2.531823503142255 14.564665502499752
3.628976433476239 11.967924716807776
30.552306991114758 20.292610955572727
7.659898612047828 28.04633989113122
4.233154256167291 13.128582626479222
7.868733615559227 25.728260721855214
32.287875288820814 24.334740161016573
5.023731506424196 13.291896798410185
1.739312649684826 12.133011853304135
3.7603726109151374 16.94139568312529
33.02074768321454 20.402736249860673
5.292309904173997 25.66962533686307
8.876370803909369 27.109875696647624
3.2713206245336184 12.237049053433893
6.329500652395234 25.620591369741803
7.51046266580597 24.215639270283894
29.22322096328915 20.997267139614213
30.023896955100316 20.739418105356553
32.46075623479248 22.410377099556804
34.310599456590644 21.829160886966147
6.9778502090926295 27.36616139777015
5.981352682646463 22.99546633135621
31.21006127639498 19.536261358945673
8.916010797677647 24.9646109966368
7.652060735658952 23.756166399630196
8.943345941316906 25.590655801465918
4.616088207688638 13.591967906337782
33.166978355915745 23.179247395443408
6.1093855443665115 25.691029457998138
5.516082537332826 23.56142334003766
30.541342809185817 19.841696177463763
9.041683195118846 25.721283012621463
8.103166417702287 25.125343386719138
6.6472391391803525 14.929493422314888
6.244430881341541 24.244827701566862
31.007448449344874 22.495151546706182
8.073999353754541 27.909747244185702
6.609458857033396 15.694877207075557
8.230117918280554 25.92577583000792
30.336920865863 23.57894112719491
5.152774413073374 24.567991074306875
34.0427568508309 22.61867701569149
31.52931021556138 22.807292836091325
8.961084974913852 26.241240164180113
5.140122629255765 24.53892844000264
4.540790820556367 13.660177754017022
4.499940173153733 14.072207739396777
32.60827403538317 21.889514296774493
1.86092695490595 13.529915094388269
8.374066806940645 28.50982682715374
33.60642531044147 21.64059584253073
6.484618136621172 14.272982313798629
33.66408929396242 24.201272810273704
9.52348802907139 25.422969000968177
7.277082420170888 26.697297333586004
5.728833782553934 25.18155232653387
5.924142128783154 25.13779900916619
33.931142015024434 23.616580718941442
4.628962757372821 25.39176961353181
5.399549809675319 12.418357590706526
10.189853604840215 25.608685646994115
5.189862973302058 26.36472969418071
33.45072808544621 20.184012114820685
33.53498156648516 23.52224589007927
6.626266623239607 26.775464786796952
5.897593263287312 13.366245253814856
6.624179038526784 26.770908360642526
8.873103334099701 26.624274032409765
9.673275042080899 26.853972308857525
5.127643757869432 12.52224827072503
2.981322257063021 14.139095817502232
3.9089695178944335 15.595990969137658
5.744411244308325 16.182540565970385
8.443730915204368 25.666423514645412
32.623160016199236 24.6934560445552
7.5309883545749585 25.96627827012531
8.896763907680372 26.618714868252997
30.802298505333223 23.34328301957343
4.362733843253821 25.926032784905168
7.182033894020161 25.731752667432453
5.68504069598278 13.926691840037897
5.134857957786888 27.354912121601423
7.518060218398922 28.624448304995987
3.0320885279858616 12.004790650299789
1.6723200065579542 12.429908248988411
7.5542108970439905 27.312804943900957
4.595982778796164 11.675189261680499
4.6533589002504305 26.921441010922717
4.936656722023168 26.167706951411308
5.2323554349421055 14.565362502114565
7.097390655431066 28.59817648213358
5.951738066871181 24.373623297460718
4.091288672930958 13.99186294879021
8.275426671289242 28.208769865852773
30.570780906612278 23.682237474150472
31.60332588728755 19.561117070514708
9.20534621742041 25.18755647715292
4.911021492061696 27.166938129793454
34.27671069840166 21.58604001987475
30.35766889664056 20.27572426693554
1.933633321648582 14.355775894417972
30.712581617384068 20.646359582525395
32.14274648210259 20.45857542608111
2.9469027310174765 16.65187432669697
6.5979697583783405 26.93305249242846
3.047207541069129 11.784145066227095
29.211792700336606 21.539668364191645
8.353816677560745 27.24638444947933
33.612341316791046 20.586173761666988
8.343061179833718 28.49976922720231
7.139519974244285 25.961581053396095
32.207436811542294 22.260434896570036
9.439812165571842 25.236535998674416
5.2480663647039485 25.40751154926636
2.6808958135892853 14.286435361254629
29.925060575172015 21.682931591541838
6.20389944511132 15.481761249714266
7.65974689336076 25.397432150616638
6.7912869106539 24.247092944134636
1.794249219901988 13.701796168784716
5.854163465315333 15.117989457537314
5.745372541409001 14.434682740527544
3.707645312914329 16.021476956832107
3.160590037974246 11.747860915241105
5.5486227299124335 13.69084560743092
34.1670446413677 22.62441197689486
4.1797210709857175 13.702700625453724
4.797174138437521 14.050683799329304
1.1681029628909574 13.023304042245565
32.70789744593266 24.021557090359664
30.724080479142046 20.405998412108826
29.564839799235816 21.42392407081309
31.16627700116833 23.341973393455433
5.077465133374898 15.760109480674206
3.9205096454106614 25.647814008415676
32.4231113914821 23.92961966562351
4.485904998909998 12.148822308414372
34.3824723470089 22.810082874492945
32.31412477910438 22.229453064882097
4.705235130186297 13.422679543785211
7.340574906333125 25.122770978141382
33.76997637952423 22.758426879765313
32.01532436259007 24.099808307640448
32.76574852432138 22.06891264422886
32.301655049008524 23.865763649648866
5.223973546121916 13.318405466412
8.261887963013184 24.844761756871478
6.490602988357512 23.5897092189553
33.352185107950945 22.939983789833818
32.27804536705561 24.047425124279997
31.466414332277306 22.868687124094315
6.580013132503584 27.725875537069236
30.915747231907737 22.191234053890696
3.85735951015755 12.727351252890315
31.53139234044254 21.480029531269853
5.583693308517339 12.539328069108507
6.7954995877935955 28.333786822222987
31.56123359206142 19.36222092442062
30.88967566726178 22.540286742216367
4.1534950334139165 16.67966140828947
2.5805517886800935 14.358940741686167
8.380657802835207 25.06050787526069
7.255225257349714 24.75991935226983
8.54236685156797 26.827328293210638
30.378658199128957 21.837288021238088
30.91523315021848 22.720817383933213
33.478390186417904 23.24229868720472
6.641184451894095 28.441156380212004
5.874154641812322 23.639042732296012
7.074967323236265 27.602098336452272
32.30749325091757 21.605833361957256
4.553146203798523 26.344487698973914
5.610997617405369 13.487793845555002
8.863271740397304 26.996568509557502
6.527071826038252 23.513930915701756
3.3324513178272426 15.68023197200119
6.02209675255196 23.621561634549405
7.632618063477993 28.767743848464885
1.9313223274136173 12.248644269120359
6.024854380797006 23.73035346603194
33.41037798548868 20.546520111352375
1.8676112464396852 13.88218846882993
6.541184030686751 24.653338991982697
5.776191128886779 23.760660850380134
2.150610592672588 14.1959160740326
7.585111653452735 27.65030585913239
6.285270973236942 14.110816131362018
7.255770525494958 28.3664128919023
8.564089104948636 27.449626309492526
3.8055623684470894 14.941068835281888
7.561657077436277 25.548940430441235
9.240638108694409 26.283196878079277
31.26670992645029 23.29584871968243
7.487381763398615 29.118580497475463
6.630211192100216 27.959924048015502
32.702648857793406 23.517046429327976
6.197105041439958 23.25681952989606
32.15686390180951 19.739679014717936
4.158008778744298 16.23474619953551
4.024601573542324 14.847758136422241
6.57088214931311 26.12034792924605
4.131712090259431 25.723299388696834
33.01940796646626 20.228207284977234
8.175187719514163 28.409088152128014
2.7587835516736483 14.625330361270363
6.850828800817322 25.54404407338024
8.518879410933916 27.42222722942715
5.023231083135326 14.898287700123616
5.621638498581368 15.826712236430128
34.11035713902113 21.75568975733705
32.34401125261541 20.757530064207323
8.935768378329916 27.469091844261555
5.478429012722281 11.934140114975555
6.154604336510709 27.46775979081321
5.6807756245557925 23.970310272002095
9.578433975849329 26.623773602742315
6.099074640404256 22.679859090902347
29.92290052483271 21.847349720373888
6.1685757545294875 27.856154499350094
7.09490997298893 26.123654354736924
9.801035082310094 26.345026604337615
6.247544358503374 28.04356406958508
0.901748693546371 12.619433644927284
5.761071788766173 14.485597672028012
31.760182821120907 22.610055524551342
2.4749365422327627 13.221981745744696
6.305599597853956 23.262471890160136
4.151150990707062 10.908239410294751
2.97467815461758 13.357064899879106
5.142432164081738 25.783241370101766
6.504380363030186 25.94359373580028
3.7782289654970054 15.820236631258368
32.08191257971792 20.190684180312406
4.189305529102211 11.80994715619058
32.771394409519615 19.7754298307363
6.0314257856642435 26.18129476121188
1.9491954615444382 14.273148560252384
2.8647700029701215 15.575952123656654
4.5581918350055135 12.051168956534093
29.47166837411277 21.575902843144984
7.040724779859992 25.153856346323543
32.51621036311222 22.593099327753833
8.337539821331534 26.130412193055932
2.9533213844691812 14.73598837688764
2.9321146117337893 14.838817179536688
8.454112457800125 25.226765666852625
8.67311804557212 27.09837799852425
2.4210768752178535 14.430175912787337
8.554659231393746 26.202698191303956
3.882677530539235 13.203484820594584
29.680731928207493 21.5820196323976
3.838211435843318 25.82624239699417
29.96982315912014 21.894171638126334
3.6537117100847625 11.365666177453775
4.955595814039732 25.193128084856575
4.428035772437969 11.555833691791188
35.12215754024214 23.379521463181973
6.408641427957332 24.50065367060601
5.543686083486528 25.78913951424077
5.951905770218971 15.215146732930158
3.45490428651466 13.896757489054202
32.32045700898773 19.922589666374684
5.25490492381412 25.010777517955976
3.0254779275127643 16.78127530001172
2.7706998032923087 14.946641946929548
2.3312631196443117 12.954847701254106
32.22420761079191 21.332525436739296
3.90760471267755 25.949210132740454
4.441354217729932 16.549044623274888
5.2626350777413355 16.347672450512924
9.683614461796456 25.775071724779913
3.8598583210196615 15.738982030164793
8.841409407770735 26.60370630669184
31.785223904606333 23.25615304649096
6.91100593246855 24.143320358036327
3.837528109871636 16.615935065614998
33.926808555132375 21.679874971308223
35.056881048779026 23.25323420742438
6.733673540995687 26.72685579433091
8.823611142642191 27.51292984962894
6.868533078304012 15.5783567979985
4.469892802237959 25.29492359314831
2.704859974220597 16.020600188766288
32.02893969540013 19.95082093602926
6.419018797819286 15.772775814660289
7.92359761681686 25.418261371139867
9.294192614232287 27.089338846608975
31.5887161417509 23.328516116609016
33.79635640522467 22.288817682894223
1.1908023158778889 12.555568886134198
3.4230618963600907 14.898281767418737
4.068813502892462 11.549071675365525
6.117245181903785 24.570191129306558
32.51963293639926 22.815831940335826
29.54917874053622 20.994282156882935
8.470084853278083 25.163114143614997
31.061096697271147 24.867901062527196
5.39481656939586 12.525304154748694
2.9220283677257655 13.09230139748965
31.64183453042246 21.052691142753787
4.22643122156803 14.710223767064655
6.200946616129559 24.291582071124694
30.739568251205373 22.231453181229373
7.344429301486757 27.53209333557014
7.326274493084499 29.03978938685088
6.499351283529964 25.452836576517754
4.368991369744333 26.767949524798095
6.259942551580436 25.58020693722459
5.826111734716475 24.97964645425234
7.127884736132492 26.32689590292899
34.21011313167722 22.108692784619084
33.779965125141395 24.00310927152795
3.570333165627811 17.088560609018923
5.962538967395966 25.40057292457212
5.587260449303553 14.683596645924135
32.88827574934236 21.868624396530855
8.2777075303877 26.808395248335593
34.62165117831292 22.406750766691538
2.534098428027007 14.077434525528332
3.5709763246876816 14.684597652314741
4.728136816994807 13.819328736464405
33.80998092246377 21.87479694669555
5.8466995365078915 24.749542457226678
32.49986243355512 23.782400794394597
1.3960433396156442 12.413281325608967
6.104376949320232 23.979158276699984
5.567315744500971 24.670759236904345
30.971499258953642 21.98162292702148
32.3077241141712 23.529170905879553
31.323207957184025 20.077044931163137
31.226514584668028 19.52276188829851
31.43815014522807 21.943277341298746
29.81331531026537 21.155722639116934
1.0994210394928663 12.668772163330791
32.45896728759819 20.926908141780377
5.308235708709385 13.396899006403174
3.8448184880896434 11.327655202463465
5.087147289316638 25.5938626391619
4.249507522702083 12.804428306741409
33.473634264946384 23.487213413464147
5.503078880057685 26.252045218085925
32.607641514192075 22.558779376310643
5.8615808962076645 15.909974958241506
6.416105639592587 15.640578363860794
33.59700961102219 21.758321642431714
6.385900213247295 25.255445463088716
32.989338391986365 24.381881755585006
5.136120815568312 25.64433591867678
7.636295309261051 28.130498049194347
9.699365926385013 26.9156794051583
7.652240306155156 24.46451124619847
7.22876693024838 27.107154563670754
7.581826217656573 26.68645305627718
8.332837287249806 26.459266555408476
8.640760623825749 26.526040048562578
7.155304782292011 23.926293591502006
9.598051636906312 26.292802220716567
33.604125001415625 24.10306922332499
33.67174284403509 23.927119151306737
6.94703573126101 26.802453324480382
6.749942883950423 28.415355788805144
3.3055669825393283 15.51632180233197
6.028157697523677 13.562677014496197
3.688104555481445 14.72565443051046
32.57514997517716 24.22645164594466
33.47081308522252 22.979514360599275
6.446958182658789 25.502691128762013
7.3701881074507005 24.805443088262233
7.552364487279087 24.458884651163977
6.148253467426079 13.70014843217443
6.139583709204041 14.336583772828364
32.70813048002322 18.97972589007711
33.893294162409546 23.90043742423427
5.67301277768235 24.609119029174153
5.221398091564151 26.829861576477526
5.048524650339356 15.100783088209484
5.4332748325396505 26.896763136821857
8.234132974499234 27.07003178774921
32.18470231798048 21.440864394054362
33.15255613207235 21.846845337333054
3.8389042687876755 13.775226372224454
30.47652004112812 22.032021496491385
4.510563898311068 14.951446114598625
1.8028085387511368 12.116064448763591
7.659370189167971 28.091511677851816
5.805486346941833 26.374523791009313
2.3859891851904136 14.070039544736085
8.919709224504954 25.03565483531846
2.9828899930463595 16.71617603385835
31.754132437946048 21.797907247130546
29.110625237084008 20.647960585008395
8.103728559618052 27.668365489279807
32.33017777594725 24.886404008487613
9.240702080469976 26.35773447253369
5.35039398631056 24.53735913779925
3.524852648000384 14.771134214419323
31.947769312587504 22.463654044439537
32.233280514795915 24.193061797696778
7.890764049685411 26.518927324943764
3.980767637616222 12.348082221189369
33.416538534585705 21.82756451600478
32.90398437494905 24.100739372390727
2.8772849906493 15.8726965420838
31.07740278383711 20.03790614849562
30.524426177969634 19.70533990345117
30.34239721280277 20.761246779552522
5.606082906191229 15.592658078522845
32.19493793487795 19.34938884958077
5.020876014079223 16.111344788023718
7.284381722721945 24.468703227761544
32.487390885728466 20.820097561271037
2.216183529066479 12.68649160468562
31.544786723690663 20.225515794356596
5.516743086117948 12.717498144976577
4.844138178324022 14.028041274006698
31.57330135915571 19.927534953311397
30.442568882028127 22.71996820147192
5.117941437629572 14.869136446741443
30.567661533322685 21.21552886523789
4.867561871473303 26.897211287185524
34.765926422829025 23.47790339628311
30.625962916971652 20.259108635060983
3.2926046103417272 15.892982925662222
4.223809395519411 11.466177708823643
5.127324889246237 27.072268631423558
5.5519982838039645 12.406958747056866
8.515304508948724 26.533251431898076
2.466974792302343 13.349910993441517
31.301715292528755 22.17539958522968
5.453585599441401 15.384741104414806
5.650604541030557 23.410814333403607
5.9689797836799405 24.93995444213363
33.22322873202572 19.923425688859652
6.377667583907715 26.508614911564248
30.75802968368043 21.82045027273916
6.572466622966252 24.922778928696584
2.060693166159194 14.59816941419796
9.080597290232866 26.171335333298252
3.6099585572324333 14.096566601367426
1.755240081797433 14.052205494880019
5.854240556244162 26.216261316059132
4.66582113566636 14.312612988864972
33.57589609482943 24.086415007170924
6.597948935621113 25.300559999932982
2.299714762772428 15.476259867467864
30.774701804971603 23.266404327540922
29.308394873835393 20.549331065503655
33.402356723808985 21.390813314189305
5.768851939243184 23.235451782860306
6.615338557492238 26.817176773455238
34.34254573240699 22.0330897118475
32.42999074541916 21.463906174702643
1.9432822138046926 14.840918826944595
31.463189018448638 22.553854620496796
3.778469239475893 14.761031989813103
4.7619165271125485 14.442425714130374
8.539243114492962 27.183674923215932
9.411669709949667 25.458948306325585
6.036943705235917 23.918954555542296
4.181992239843736 16.565778909391636
8.328393218505958 28.176364333833384
7.8294906201597865 24.607221685603335
3.746628630719531 11.446421026089636
2.2533589998766983 15.340235950162484
1.9603788183888762 14.598725978831334
30.690785350103273 20.339808998678226
32.09044926560219 23.339750967626255
1.2252501229251704 12.344492375845048
29.13307831669628 21.085578100714457
29.122365012204643 21.106853704756606
29.665296308849143 20.574976971888617
31.246080304225103 19.527181042160162
8.631476428319152 25.34751235577405
2.343707473326639 13.772876788614097
31.094769988089592 21.930921935387826
3.9954659355046385 16.94399431740556
6.726519004154272 26.70585327759944
3.2264382769130036 16.629565067741815
30.619768114209688 21.488304005842938
32.46992059472715 19.998920966734886
3.1364859859078873 17.32700692203334
29.063863536066044 20.761967690798986
8.80251865881117 25.93779106109271
2.12549594882775 15.083207949550696
3.7419188626436495 15.33410322306397
5.127591632599858 27.244941233230644
31.819639756190746 21.8410643427848
4.185677768566864 25.992091648538047
30.419926113728422 20.626004166796125
8.348063067130813 24.285045669631167
31.02968980173171 19.69016932850156
3.1890900829726165 14.900063138748987
5.050448582968675 15.563794442836096
9.006125742325857 25.039879111103538
32.83768281213912 22.46091182746307
32.20282409457206 22.208132148138397
3.8597867405292243 14.294892633365459
6.25868648906877 27.099952843890957
5.539529480065845 26.78810338785077
2.047216751474128 14.089125988118795
3.505133499387118 11.222644685179825
3.8047275696804785 15.71057907540992
3.390783821896754 16.03939654189181
4.625154586909781 10.711470508895518
4.039773366191211 15.56248700747793
33.583374136471704 22.934845816839857
30.840201990512195 21.577538870046315
5.31391939817523 16.38336445621
5.448938437268945 13.92177777612408
9.317358961827626 25.031991959386488
6.123775558789078 25.20476404121118
29.653449039580003 22.250558865519853
34.04229686692967 22.209185400999612
2.2305000428626265 13.216905622711362
2.2376792902176303 14.994797561894474
7.106625700439809 26.49793574267297
3.7629231029083665 14.085015220540337
32.39232841298618 21.86351178065774
4.647675093903271 11.281739116587046
9.688553262120376 26.621955570842555
4.593689036348863 11.487595412870519
5.634326865868347 26.92342770410385
31.369799025480823 22.156816912736808
4.270577233620613 25.589865709563227
3.7445490541701965 11.455868219591867
2.976638445086129 12.254791964520196
8.228005690610143 26.339627277269695
30.508847764399665 19.96093792636962
32.44918919537664 18.703591124620626
1.9078622577503683 14.087052294667268
32.78622107711919 19.711756001159493
33.71286480054336 21.967658253053326
32.33231324075382 20.431613853354754
5.237547430467516 24.88092307389922
3.84713114612125 13.957235088145573
1.2261209686067924 12.393453055944017
33.8812455681601 22.48664512024388
30.424143833777386 23.220055034779115
6.3925266916943535 24.62345716626562
6.013205700030017 15.33850490970056
4.523729918179231 14.31093620977602
4.771569926068852 25.936765991186398
30.525541662419357 22.293372712107963
4.944664632864539 27.146222952928905
33.5243289321008 20.582756306074348
4.038374494177286 11.895431282888326
4.72634408099504 11.30535216512812
7.402565236644601 25.4924346193003
5.994019191603862 23.203796039079187
4.560697326746736 25.71966778973367
2.9837456282205626 11.986143481131233
6.278655460993558 26.810933818243022
34.15385890445239 21.750778113829384
5.889868454618537 25.775334215846865
6.310592274811583 13.790355953665859
31.03376865219519 22.181143145770463
7.904234005770631 28.58690872370307
9.134215137840142 25.074075052436992
3.9636450638170344 12.814544090186615
5.38726213938778 25.192228323507006
5.28608089319744 15.400326868255444
4.343899633457856 26.10137358716989
5.954593248057533 26.32706419645565
31.7472997191993 22.70210356234828
3.863826854496464 13.59475819680913
32.70266136199397 24.037430592788017
3.0712019785168065 15.24469740722146
5.81292312711897 14.093877552765155
32.17997076146176 23.50489126465181
8.21214887974056 25.79880502681195
4.910172111888337 14.201227133162451
32.02543817778954 24.52309482204803
1.4599850636712484 13.214503625059233
3.0108229178769297 16.48838864588001
5.561805006439782 13.39732127316064
31.819487866915942 22.302098124101263
32.652626468543005 19.920491439785682
6.403599063764899 14.431350278010157
4.613429739030135 26.76901474023004
4.186722892581675 14.906577856853469
4.0142541785259604 15.411569588181871
2.874531533535155 13.574440979664404
4.506547969681378 12.87415992200852
33.82596302396785 21.647568406175633
32.487086200214684 18.872759380617634
32.9436264679339 20.39351505233334
3.908598385257348 15.830555050474548
7.940360112171403 25.82544602634541
32.161796126684756 24.447359420439998
9.983663152358128 26.104532319698425
32.734593932477594 22.64216381184153
8.868796525083644 25.136378920846756
32.86603012365663 18.984584604870598
4.98503439486586 11.277015302201345
8.442042385614517 28.25717154828561
31.196053761848333 25.004278249168323
4.003263419097909 16.437559534603132
33.58283840058913 20.72529933100654
32.987696904172914 20.27392543247959
3.659622331011945 13.457714785473355
8.060898139393373 25.322162010995253
32.12006265043383 19.712498016968546
2.691755069657394 16.049053767681126
31.631804249295143 24.571953919253417
31.389329047362573 20.879319981916275
5.924672924356754 25.041349218149637
32.439934928199385 21.89409789999611
29.125764548441563 20.826340646483573
4.9235783723895175 16.192434448466333
5.510493105086889 15.441891469332642
30.099493582824692 22.626686728663756
8.585075898133166 27.305731547762964
2.5048359007801437 12.612600668422136
7.952550828259658 28.137897207809715
30.609836635034632 19.6831000651225
31.927610567676435 21.025871771722308
6.9815497749531215 15.530457642872177
33.90566913706924 22.579351100041468
32.568978495762316 24.448583673151294
2.949422230841139 14.778822679018138
6.841589975901325 28.050838128381866
32.24878102585662 24.83310669946358
7.384209756603316 25.281703210995833
32.66575578228834 19.25086198946147
5.61140144998107 14.785482761961834
31.44527466220897 22.375018109221894
8.325503173952434 24.409272130969253
8.729568635877625 26.792270022751364
5.7581351881554985 15.130602635811343
5.974242064111533 23.650785714618074
34.039505962170495 21.495385691724415
30.251871086091175 22.06488899149818
32.66793220372326 19.89083756756884
3.9842262228438896 25.741074518494447
8.107456002429998 25.71422750412988
7.861634979221883 29.360464878594097
5.506839910603551 27.171056603560018
2.2835102702256194 12.309070554774841
8.8410114508578 27.025287132810863
3.581761732366778 16.68096401712658
7.938728680514825 24.613726483210268
34.36849632249134 23.278367781754323
33.69251418404274 21.268289945489524
4.875787582934316 12.514360978507566
32.49610002071561 23.7237039026079
6.580712693437865 24.581237594179484
28.91727539727984 20.855381713384563
2.053327358383773 14.017993779550395
4.115945704264705 10.950851166952429
6.329940629714058 13.901750821701736
31.488632774021486 24.547491443787262
30.15806480767188 21.093062932267202
4.055646758945058 13.770979769987163
4.447769793282724 25.299631507191144
2.9929334296476036 16.141152192862034
3.5494819387341874 12.689878951430462
9.03921036386763 27.70419408067949
7.829510544080113 27.186953524559527
31.146242946026792 19.446549953669045
2.6491327377617013 16.2178500192184
1.4226038707639734 12.400463834825437
4.145948564339621 26.296362216318702
4.507005503057165 16.510141403454533
32.080157303430724 22.41885988614505
31.994291604974567 20.902639340815856
5.948673057231803 22.96681935950625
8.282853488823575 24.441965460670882
5.245708628309553 13.763540034410806
7.392652954440854 28.73079801646368
32.734944112338965 24.727002102194916
29.6199972318432 20.246321604753156
29.94225469365327 22.7449124612014
3.0222245499092537 15.46274373314106
6.063665938653344 14.36001729589211
6.232880589607617 22.741515415096828
4.245430421362443 25.97027715382895
33.163321222522164 21.69940261738598
30.932473051967282 20.343851261058038
5.506453330681031 14.651128060073649
5.228224143749699 15.126377988838835
3.9236107961997466 13.241464219739294
4.939390529733257 13.283014590867843
6.106553251274035 25.47639100779055
30.382297542297415 21.567861425586834
5.4343299182093565 13.500421566056353
32.7759524011075 24.631422489395934
34.36959236331219 22.22488454076868
9.861081501365977 26.120942024209995
8.242117531581403 24.48603715426177
2.9524192460990055 15.220856178504292
32.942264765480175 19.627540187798502
9.094134771475709 26.621314189141696
2.3886384710837216 11.958964741054476
5.850191382018735 27.131475132214643
1.9073674614824192 14.445383105496974
6.236280001277379 24.0154783744725
8.537058544104031 28.125029248476746
3.814684842798165 15.230338485277679
6.67930831206675 15.004956655912398
5.309952965433921 15.798529110854098
2.822144706827694 16.35909785421545
32.93826348518783 20.34488255367878
33.7282591101063 24.168878789323827
33.16057561005377 19.65002237461927
9.63145468742335 26.274698346039926
29.105258641864012 21.21427354884915
33.16369689642904 19.55376399565396
33.4393439090352 22.417019003941814
33.39870628197477 21.13473621460625
3.8906914820634806 14.779973414470081
4.498952136915612 11.948249536674721
7.60546281170157 28.63684551697194
6.928387974147285 25.8729095984881
8.517950459527556 26.03295697023463
4.2994992834282 16.187164814240592
5.56586358710878 27.20254352432911
4.426366537981149 25.8410868051253
31.82746279202066 23.77694491722069
4.909731203335289 26.22053518241994
32.97934409822676 21.877902301899127
2.7421378343130898 13.862868947635477
5.551835697319856 27.433982003302763
32.68081018905729 21.937570580215343
5.327518687310612 13.48748947152578
7.764115770665235 28.038846002424187
7.944398907127162 28.585450490368125
32.148882715406 23.35575229246142
31.550420921387662 20.538223296390818
4.0433790060899115 16.125640702831998
2.074281083302588 13.893202839705657
29.202767359842348 21.01608681401621
32.61596756649049 20.0644447872563
31.916987124805186 21.581198466249354
4.324235927167784 15.823073968346934
5.953904182898077 15.396961989480277
4.267470729093357 25.765371034141936
6.327915255145016 22.77286327017194
5.096356486423222 13.452718236007716
8.298794182712475 26.99574041456543
31.834964628270818 22.611977263364736
2.5966168348241507 13.690680942396689
3.77386969576314 17.030205269441012
8.592456677990626 27.440808297233115
5.550047985333807 14.554077378293663
6.152437587378722 25.330721879286727
30.814298796750993 20.63215062745638
3.3662662198310667 13.502963370473884
4.284895097114214 26.399100932719545
31.594529480494888 24.506250322006643
30.909838602125248 23.34627394271743
2.580883670674871 14.980154587858205
33.4700586222576 21.576782318742236
32.57226954050839 19.385232354489194
4.4188038615544105 11.213807560447915
6.088957665496326 27.223686535530295
4.642097723572668 11.391415141834152
2.766907312452207 14.304613495700305
29.835288779793284 20.3695306618549
8.74197787636716 24.905326808081828
4.4015903811556845 16.419155214857696
30.945175072180422 19.824633512084496
33.69506834320049 22.13439425547161
7.268116330846926 27.566736264461326
8.317803419380677 28.029809348770993
3.7497477458357613 16.518633266946583
5.167388926406737 11.465993263185222
5.070487698519924 13.711670617814796
30.132262173418773 21.002580601123217
5.500599607929341 25.396451920539285
4.269175241245176 16.38025013966471
32.39057558792639 18.979426106424643
4.334097464252338 16.177322731562924
5.578553516441792 15.152878518671837
29.483714289192783 21.283205638384675
5.523658297605117 12.955149686888792
5.657747059922344 15.786078547350819
2.6838333729936075 13.333798507524163
29.904931682769135 20.107834052737644
30.79579473669186 24.05139838457865
33.12428851707637 21.980308356634655
30.33792786087225 20.49032952851351
7.931485831878162 24.453988331963412
29.52024232708935 21.645554971973812
3.6257088913304507 16.15904032420992
4.955873022136815 13.330832840731972
31.517496261724023 20.330918566017605
8.519176840167411 26.716308074281173
7.308696202350656 27.984283152156248
1.858381128939043 12.443018471048722
9.240276774511397 27.285824189275612
31.87962584060159 25.12826679242308
7.0347694425320055 23.87437202090054
32.40863185630513 18.675476821272238
4.284091526000928 25.66488790815249
-25.9 33.0
31.617013524719088 19.335649310296215
3.049851281291261 16.286481197997553
7.604227311516507 24.98725370638022
32.76501488330682 21.939919801643345
3.08729542278164 13.178661390700181
8.122949600864166 27.305628048272435
7.705465748622003 28.186914947981613
7.088196111433438 26.353922227039387
6.428734290453157 27.40078833622612
4.599689929150804 15.104372710181641
8.826913038100164 27.805285465550206
9.467516170468423 26.502926250954552
5.827437335474786 25.926255044771803
31.88325225757899 22.30225528427364
5.902504580556963 27.11211961952386
6.706656905411236 14.737428506294048
2.4064271687140275 15.439199710699004
34.285004918125374 22.915965438535213
30.55710664546209 20.469640855962837
6.243152024753457 25.200828238626993
1.0903217700680266 12.923321790211414
4.775439355753288 15.707371516307798
33.18454060037745 20.708994791715764
34.31738273489962 23.009873618107648
3.0001621981275717 14.121693144310841
33.74113690189082 21.98353877681305
5.420567257222622 12.537221874333378
4.855136430416324 25.6172078766544
4.455497603708029 13.537424055791753
6.725969715732333 23.89769848071738
7.053341008905584 25.118840627595283
5.62979513849817 26.530352468859952
3.295627271141055 15.3851523005115
4.269403533372251 13.29915087899164
8.054819975339331 27.53611491760995
3.358615971457319 13.258340539881756
2.8936752903211618 11.921938292700368
30.095088693503975 21.52959036525654
2.6338196721043046 11.722726934169179
4.914259679743068 11.210769844816099
32.01783289620003 20.549703335992348
31.178623266336697 22.27803060359753
34.79606465814966 23.221580632887104
4.384032760993992 16.067281841997065
30.747704501071734 20.96473829628664
3.769091976229011 11.471456050473124
3.248076564949423 12.320716426153403
4.804452655544794 25.955812984758992
6.626602887049218 15.06633960216096
5.540296615766635 25.540006065493905
34.19370547494813 21.88696270401811
29.707132742324458 22.46929667024549
1.9757576753318844 13.322765785517989
8.85907533340548 25.735808236135018
31.199744976502476 21.55557544498768
32.41337334083901 19.068640295450955
5.539875133975843 14.720586422445221
4.236591586131761 12.239754978517889
31.406574347839605 22.039550515345773
4.607444695439291 14.384643918799172
32.74805211888811 23.307964206248656
5.942862069244554 15.014537244102911
9.375382422533823 25.62108742539495
9.947407437363356 26.17669044900399
31.53476596743986 23.566679837046166
6.078036756169774 24.829975360986808
7.785837589653897 26.814546811482135
8.298452391746839 28.774709712048384
32.90207415395405 22.831802605996515
6.006013110990558 24.206707504846907
8.992258027906285 27.86128859710794
7.884920132500742 27.93628291502369
2.8152744409464203 13.015805745829635
33.16569527446269 20.53232752890824
30.955378315053736 20.79619752460782
2.3128960340026072 11.957074024064811
4.78416319195332 12.123623481757273
5.215945791928553 15.177284436252098
34.184590253702396 21.899276486193614
31.426840963147548 25.133983022816988
5.515353203123484 25.03537974855877
5.806350007574323 27.799936437183344
3.433580842350147 12.727649293568396
6.471168871009842 22.98352835730834
6.012125340168571 14.927717675751127
6.677000502388411 25.785321462345486
8.091086995559236 26.37525288878052
33.994822167145934 22.23253378749278
5.656223254323962 12.425505872307198
31.688888805916278 23.66296686977296
5.0935493136938605 13.358188421501609
6.241102039176812 15.825785529607996
9.380741042683951 25.68372396464582
30.36680666289629 23.005745510000654
6.984090077497195 24.12391076563879
8.722296697022461 25.371980326391956
6.371945140202163 15.661099502170027
33.3267287898291 23.40051257042682
4.692285524790487 24.920000925267363
30.608328608824486 21.822896888569616
32.467724143741236 23.183316446838198
32.06403776010425 24.33709871755362
10.038404733486955 25.455507710428524
7.489412777201168 27.18409960832569
4.5037201803233815 26.683816483361202
3.1464557206351054 16.371677585237883
3.2448843467805206 16.655018686772408
3.6523117213314196 13.101501489496
8.526629614996873 28.491125673588087
2.063745057389861 14.723668612103898
4.116539946124292 14.19293714454914
31.081537078866113 19.93450731208548
32.90472682201574 21.08185230639802
3.240130254269901 13.474703464006314
2.7586400684873977 12.646747124333586
3.624495455545815 12.999696417080825
6.368000567006201 23.576201015215915
5.774729439881191 24.274083957268523
6.520094073987043 26.59664226554991
6.388555423204862 23.006926988603848
4.507256684421531 26.438940181111196
3.9990702641440907 15.75695551124647
4.308806436260118 15.67656129149129
9.11755035389313 26.66901294833225
7.771479972772999 27.50699845889835
31.061888435163578 21.17327913716313
1.8034181062914678 13.51223441051053
9.540965797244352 25.244063371901102
33.851355977136656 20.72156464925089
9.237021903354034 25.760182545975994
2.081992450527541 13.906624254408888
1.7260758911309102 12.368048642071596
3.797841546207718 16.208586083817856
4.48523124065887 16.394171307260848
5.65581285073149 12.903746208337845
5.986865909106827 25.896501768590863
4.779662677490636 15.85973536613587
3.1262569914614846 15.346514462000297
33.898246160360465 23.057186142924895
6.147282177952423 25.670022353003812
7.6881429952791915 24.23287971267308
3.8136113778468035 16.876481946199313
6.4215166530775045 27.898357636576968
2.2776737165166665 13.826211073492924
5.78408404262948 13.193202694678646
7.392723738568307 24.558446837976522
7.1781623774540355 25.897603287644184
7.833159116215 24.221063911216437
2.601156949075698 11.868617996192091
4.925216743620246 11.526050808977624
4.7752279796599275 14.233043873459724
6.639032096531791 27.864444029670295
30.175384674911026 21.84931064505161
7.544540245441661 24.649678329596757
31.221603288279905 24.50616242935215
1.9345799522493916 12.387925309511585
31.413509630144155 24.66059415553002
2.93081405131708 14.62818947083156
6.120535654093341 23.097962852010053
33.53480827296431 20.433394035967208
2.2859464995614815 13.911029831469339
31.521567360858967 20.987300951156687
2.3935572740343813 12.262847308137644
30.709449669052187 20.40701034686432
30.383770427335318 22.212089680548882
2.698415627737843 12.167581788928562
3.3894313391095094 11.623263623159316
5.492968755826632 23.871735054404446
3.884777377616773 14.91137712707075
5.790744393568124 25.65969706329803
5.551010419531034 12.204365987058008
7.78875754714471 28.771443329405166
4.237531690149614 12.69605106712733
6.026928719948053 14.907658478877703
29.705459121337164 21.562524638108094
8.306914642921747 27.325879629397036
7.961060702372961 24.52668708134908
7.725652426758448 27.88737387433982
4.521559174798771 12.215137874385203
3.7716010829691813 16.469272330246433
5.201219339185066 16.0372535027766
5.956536663382119 26.89599262576777
30.95457844180244 22.855751764241514
32.89794072210203 22.103357736265195
3.6374707992056887 14.469043741259519
2.965117656732776 12.335043362366749
8.318515675290737 26.930905088470173
30.512911813795476 23.50112774272719
3.059338280818585 13.589423144754049
7.399524376776656 24.71253788641606
9.662209983561057 26.29235226954007
30.63886278410437 19.667713693488288
2.968931247294969 16.72072360665405
9.399556117407858 24.99615567119342
8.70618440410663 25.29743315350193
4.417220266361787 25.619174127455288
4.904223632030649 11.86496310903956
8.664284155003326 28.32481002750408
4.987831523639729 25.542333158349784
4.3490631332345515 14.98462548328028
9.07340838177852 24.90375677297398
9.689060886004723 26.633981363236682
6.708095687862471 23.08990450883956
4.185134199640226 25.595180276541996
4.789853519487303 11.991616452002422
32.2655992192828 23.990811738996694
32.93103763583671 21.559698083775594
7.786551614679697 26.467170514097422
8.46199695560682 27.99902947160088
6.6262448388890745 15.324312322566906
4.3501427941215995 16.385493293862595
31.588126387505614 24.69110200614769
7.0217500345668284 25.58645887063991
30.741350493610543 21.77212464624794
6.29610446251467 27.80531351493812
31.177919765489886 21.009983391968653
7.864356107351199 29.404718355980567
31.96447402983094 22.586018504407004
29.752863369932424 20.487747748867765
3.9907440951205815 15.287783209204266
5.77418261647397 13.512310007583919
3.9736360859305737 15.709831801179224
8.375515631705861 25.566794720662642
3.6419940600189546 16.764857383880436
31.37747325565749 24.00298422351458
4.578788273291995 12.738863426359957
9.734889654545736 26.210746297522352
4.903774404289781 26.131258423726845
2.846459623317438 12.537939489108188
32.85551746992805 20.52434597001982
5.21685050019789 16.28069718197669
3.865927504625583 25.842284003707178
1.277200688943755 12.489277839117875
5.226355981124784 14.088690897256898
6.6701239042698806 27.390925828524377
32.881497229650535 19.46346258896557
29.747012925129592 21.737857229525684
5.6747042444365 15.347567243141553
31.85379288032261 23.459929045286824
4.419111004948597 26.37785739797688
7.4637802371866036 26.261359356771376
7.357885992651746 24.04246299113295
7.272368162376689 23.43441202311763
5.968727965736373 26.192657978513672
6.909998849044767 26.305839117553326
3.8600422776032968 11.448842638244212
6.926617354365463 24.715551021669725
5.885383766366727 14.136270477045835
3.333277352434161 12.929002586731237
8.366193232877738 26.679516163749277
1.7228560263431705 13.812321727154327
7.220435723109301 23.95015207080526
7.790015360978683 28.205188532866796
4.019725108290779 14.186500816644324
3.331189153534339 15.613098641300109
7.143343227781076 28.272695025137484
32.505656491567656 23.546234181362653
31.687474450853063 21.481177922239556
9.443590529967537 26.69822549419858
3.0475654530614626 16.769284141429477
34.91354040950709 22.985753483792305
6.074720754041885 14.458210766525738
8.258633264893533 26.57311671317983
5.494298610234008 13.10737398605866
6.980191226714794 25.102639868702337
31.22857674245517 19.750505976010764
6.851194521626246 23.845336782295327
6.404353088150398 15.172772844162123
30.227505824645064 21.08724264748552
32.6289888380164 21.044966333217268
5.986469304284531 23.703026961003225
32.825633419310996 19.35873588563248
34.375958582189405 22.683587622849448
33.704542821435595 22.066158574835548
6.5399637368629255 22.92537356158377
33.00822553077348 24.033725246621742
2.9812135929471975 13.235280637962713
5.430063567052285 25.864326963692623
5.37490382976796 13.38451304205735
3.253555183714213 12.145497473963012
2.327718028308741 14.298402116644375
1.4889966810883521 12.557700557537967
31.157270161797754 20.98153241430292
8.252654200171058 28.890989940249884
4.993907706002718 24.137570685136453
2.3096337238767912 14.754033839464714
6.680708973558178 23.989149440608532
31.79423887793337 22.4142132443302
7.785756220192926 27.64564001110299
2.7459486295835807 14.113495272441778
3.0126444538300627 13.728862319739699
35.05657791865868 23.141159677955216
30.912210319577554 20.83246381385908
5.474202843332423 15.500470092371451
2.2136564560632404 12.92473141716309
34.41197757321176 22.647215755362065
5.4680677034923 27.46585487958826
7.941621395772125 27.503039326835673
1.8849288997510367 14.413165500743126
5.675566427766973 23.80812413533818
1.4805248105845248 13.62070117831868
32.19920983046726 19.175495865920134
7.7434635267666545 24.246058823671838
6.706359492257903 27.328129068280212
4.886572144362632 14.906880274501832
3.921638418161295 14.649861259221906
6.204224577299101 23.465549385927964
33.350289852250775 23.322332435771052
7.9427929362436664 27.914778732418903
7.586872641970099 27.331078469662046
3.4572003186448534 16.71545643679128
5.036023709572386 15.15747184029252
32.668894731757405 19.59647029073611
30.741646308153527 23.772972758979247
3.71917481918728 16.344513580444705
29.508813063865823 20.5172451963938
31.402191162012613 19.297837595598157
4.534702887267679 11.019321737842438
31.09507368060561 20.89676141069184
7.061850087829919 28.03457266225236
32.439620002655445 24.09621301877138
3.474879796883165 12.528824673347364
5.200878531814469 24.627637403104053
5.17874964494194 13.224026940383602
32.032071115988295 22.58577177041536
31.932959635872113 21.967628222400535
2.3411342963012016 15.280959635515488
6.4573729501026795 26.043493147327204
5.741271991635281 26.187104189926583
5.440329558089843 26.583538298864678
9.320923824873386 27.281638722834987
30.488578104722883 19.83635895714023
4.985119305236411 26.010052897055065
30.759631151922044 21.39811908501001
33.80971747125063 24.058919192540948
5.812529848067054 25.064653908175508
2.423246586517357 12.651969338048094
3.1207576148017724 13.616270112643662
32.255490397201584 23.804242285500614
4.14559804234954 14.854444042296079
8.832576232851578 25.497266190388324
7.502844588966386 23.98730635805294
7.399944966375141 23.86004528936804
7.519203258307135 27.718294762273196
8.822834003186241 27.55786511681491
2.8432174328812603 12.257620442415085
5.47277149683126 16.003697970427044
4.281481650199481 11.257380938842642
5.960882045446127 27.735361108922007
32.57160545320244 24.0811211987488
7.079751701396677 23.387568488345924
7.171408147241968 24.500398374930732
31.41208534931943 22.713766033229078
9.631651625771399 26.694163697346916
31.113820831458305 19.636528887769593
6.455884919279477 23.715396323065463
2.7400181301743944 12.042212217862302
33.70978381333609 23.123247443966278
30.573067677526883 21.293371269426277
29.789106974678823 22.23814484837767
9.25590554281521 26.343672046471397
8.027272331488758 28.563365667496615
6.3478372978227915 15.458841326312417
3.5682585721928888 16.332097794315395
32.85898524465288 20.706598992419178
9.263701267847665 25.090481430823072
31.04579602923737 23.944650170611407
35.0161470520475 23.483184112724896
4.517242665506797 11.524067959562975
30.404269295351245 19.89525611620867
4.601538504618425 24.742310788136447
2.1701625959001882 13.316771190969368
33.710549033580634 23.251201788528604
9.008454249776573 27.05067284016277
33.49261866559318 24.205830404601297
3.2599861622521455 12.317331434157762
7.328756567860548 24.104285063978157
31.627589345965177 23.424852596615526
3.6478495832135396 11.63691560543915
6.69453855253953 15.5696677801728
4.17307909273453 11.631656112385503
33.427310603808216 22.415594495082118
32.24673789841673 19.88166626800903
33.28387345485784 24.14454806033224
6.659349806314821 27.63358111815993
5.310623953891066 13.541089134937954
6.632712999489555 25.088314626891442
5.341578821787278 12.775831686426773
8.327121477052335 25.242894255227124
5.42673684058907 15.430716890500534
5.944458925643702 27.401584595591466
6.782933363146693 23.065738637487346
3.594337839101552 11.266940181307719
30.87678912378486 20.11578063163921
6.461596090767469 27.404316376317297
5.764889805647584 24.017739770988044
34.411049478280766 23.640186814867914
2.187801966687902 13.102065947882798
5.191468998075159 15.27284218639353
5.280653422528982 25.603979286016113
7.7011267227631155 25.567505005698997
6.015357654250922 14.67175358265494
5.719312820831095 24.211274649236024
6.394590257986934 14.758167317924345
32.41597038783426 24.300977773943572
5.576445531236962 25.96910272299751
33.650791637686865 20.380377823968004
2.7871156997441466 12.755442838024743
33.75006272908508 23.69794917965685
6.444840496311737 14.575481611003358
7.6606985137027035 29.17244513583458
5.053905436495029 26.6786607275631
29.3137743275311 20.59202754742892
5.244956490547217 14.564850602684869
5.108358515953906 14.74737726638002
3.4179999621586807 11.573192924946305
8.992175689068555 25.501109187961305
4.287738943838095 10.837282766204623
3.9985447105946283 11.452240735866296
33.837015441503524 20.83141536950068
3.9168767387899015 17.072641369324806
3.156767262900089 15.29230464355788
5.577662398376335 25.21853483182598
5.626917305479749 25.356166862017538
2.826740338261854 14.241948351142419
32.341154799473735 23.40603329873871
8.352907248787552 26.721758485353796
4.8676991240369185 14.51567261044201
32.91007038790937 23.294470324750055
6.12822091087362 25.904342601314227
2.418177692061625 13.801345939953421
2.449774129665019 14.464229695444835
29.21292193606103 21.357605939395917
33.57613742497355 22.91368911040519
8.02244775938661 26.57752661629577
32.26905937390284 23.10404563858801
29.870296283458913 22.616108752112883
6.344389356193423 15.03835867952051
4.615666273550835 25.10706125059707
7.11490081866121 25.99910955799536
34.55653837324477 23.491663372717714
2.828197221795289 14.832209903857622
34.59814809543505 23.403008890767783
31.785603024627623 22.231747348633146
6.997907966792871 28.4740610848624
1.5567886815455632 12.501839406455273
33.735141041690746 22.510089571524084
3.844454487777459 11.313100911105744
6.1168943370274285 24.396556521646904
32.93896102588757 21.87148868308977
9.710187113427379 25.374344196817837
32.99031767155529 19.770633927812494
29.655379043511175 20.473297165623165
5.265136332530849 16.022247905178663
3.5250936163753273 14.007793439678066
32.107889725503526 20.400238395369666
31.905480394784387 21.886701139553292
7.892809310249518 26.144095796878563
5.02651391952608 25.14592910607943
9.36548935126977 26.931119385904452
7.617458021469213 24.489270484316112
4.034505147297874 12.192233364933768
34.17430052930891 23.681155240151973
3.0451196030305336 15.224196252265342
8.911792506490734 27.210553181283988
6.626370172141917 15.232312093519443
6.127891614802702 25.780092920274242
5.283157032541391 25.871890441285167
4.667592336562993 12.245362335728613
2.665560393343852 14.358592216805189
32.59355119582876 20.427640455176572
5.463734642808209 15.393172167699447
4.494411666807549 26.71750857073356
2.8509281278818026 12.252072578711406
34.21106607938309 21.46515478360952
1.4005346289987823 12.97232834516813
4.686554757792923 12.462652098980051
32.05121975171759 23.966107343209632
3.538434584419013 14.813920110057138
4.469079796991877 16.599196764973925
5.685160560463128 25.590199297018447
5.205257268547557 15.448475985577511
29.17951730650533 21.46731766802667
2.881932474345674 11.624581901894341
2.274739328324033 12.883450168135957
4.140747760574029 16.12121986937439
5.844818816568028 13.408336441907663
32.45951699614073 22.450896344734684
31.88083176843115 22.69168173781661
6.027372421519856 14.007551094357838
2.6120527630285864 13.538215483872296
7.001123205644791 25.849171393834023
29.1688957862065 21.478924968629563
6.961189197149998 23.85388285381702
31.879046132874752 23.412933408891263
33.200416607921966 20.140150990222722
6.32186060558263 27.81339485558589
4.947069533330517 25.780301104581653
7.229016637905393 23.781133168531266
7.3551584256611955 25.47051023952247
2.3801808788143113 13.083941386753716
34.5604171517734 22.25033746403836
29.702788735171705 20.309948629269044
31.34962770678407 24.152866869931785
5.575533944686969 26.374396407950208
33.811402248081855 21.254814904182926
30.894722467675642 20.103564912408
6.322098259907908 24.099074269644994
31.66528927472539 23.548362680527713
33.539571937512505 23.60059738499668
32.85068694656017 22.82861645006474
33.7512998287858 21.679549663673882
7.423344116368904 23.65124691161408
31.267180124840646 23.06405120475032
9.825012389726286 25.893939705324453
32.706816921416745 21.132695616759676
2.5287153809714846 14.3859748112051
34.872000746948046 22.86364733432208
32.91536298593195 22.250973592162392
3.8970605197565087 25.84701000772414
31.249041301297822 22.267124745586464
2.8631990271046543 12.592002367993581
2.3702765786611 12.19257974987296
30.64509288432595 23.68020408449748
30.67794344494914 21.875261064568253
5.255331052021174 24.669802447527722
8.166486519437548 27.966224504644476
4.473247085366388 13.611789528641234
6.882776300355461 26.94298832535486
9.689854528254777 25.77982518088919
30.62221143677765 19.85334797809563
5.010504852331385 24.622293917193943
4.104183559607542 12.089070463079022
4.357593051677049 12.641627019413466
33.56388713977106 22.397502693684864
5.480404086996149 24.911115084812494
6.3238727280880145 23.71968981960063
4.9149089668170065 12.790375677027992
4.127237808523385 13.235315836236426
4.729448440956265 12.141878952845541
6.514618719811445 25.449321580115974
7.828663149913968 25.220572898559737
2.38052647360243 12.057815082033812
6.96241447464155 25.865727631581702
6.288723235904316 27.622340010889655
31.285780898750517 22.850296635963186
5.3448511833608485 25.020344391106665
1.7567517763560714 13.951029155038945
4.677555692461177 15.717677655571464
7.949007681496302 29.32185871447333
5.9063246065009745 14.768353323792438
5.5746982003520404 14.37438853065801
2.7743787232392716 12.930030219771407
4.654378849487204 11.17446158712838
7.380500209994325 28.821133867816975
8.538604134103865 27.632726418727167
2.4041768225636755 12.302030415371627
6.3498079009912605 15.099361360085073
4.106798019660283 11.882107349853893
4.732730530083947 26.411729492490835
29.752591127819358 22.265342451769865
5.516074223288631 25.569622689850096
32.10683665314528 22.32341837195191
5.6584748117557515 23.80843088508931
31.642623251214946 22.106210094666153
32.578417751916504 22.48167452434851
6.50329358901166 27.95145494302186
33.784109884057315 23.319064131124595
31.81952069602595 23.072662192095528
5.3421237738481775 24.919053797043198
31.982679394610894 23.223338527601896
6.230474905614455 23.311441012030546
33.22240627584197 22.979687108834025
5.0468361980069725 25.63074562716104
2.6801280851138083 12.116176598195995
4.694829113424897 15.517659088578117
31.083412606245503 21.90444144262782
3.1603147124267346 13.861449409111358
8.869554100670172 25.193812573287087
2.467685592559588 12.606026108282446
34.54674581699714 22.278997785161813
30.32421133995467 21.136468019915114
3.9081359501445707 11.920010640913647
6.377859982144115 25.019951177515264
2.241457921599091 11.91339569828116
7.754390859628899 25.001799965172722
8.844026474728814 26.25410145170085
7.3569477480632886 27.914492811807403
31.0508904976006 23.288090143169907
31.879093302279312 20.86808547873465
30.030852123869234 20.49045791322755
33.14536783901087 20.652326919586443
2.6697613671956955 16.338241100131725
3.9292485181557812 14.548232006750077
32.05696670344278 25.009358528009752
8.453208879772703 25.590910894506738
5.056367791317374 16.209937258671253
4.901924145870993 25.90623964631862
7.399603936694208 26.32320902036215
3.641718222701948 13.49208319232348
4.398000959576201 14.028455610749246
5.9008873593260756 13.952127145771257
1.2685620384851983 12.387119466297639
8.594986900831834 27.71064631218724
8.107602790021694 24.863799924792325
8.305999366989512 27.218300807037583
4.955693700075308 25.05114400664136
33.2565531515252 21.675473357197465
30.399474605270417 19.82226636260347
8.549400948567307 27.150509544498675
31.778151416222236 19.40364964413132
4.271267650177925 14.577962706418868
10.288804780919827 25.91658854155452
7.552009384498848 26.077790766181618
5.075269732186597 11.61684252659396
5.769693547207243 24.851613414696217
30.989477044333384 21.987525180371826
4.5826203310731 14.008917890987473
4.943585901828579 25.8541994571397
6.023625492264414 24.865364936839725
6.401299400713719 25.372198347321486
6.3336100446353 22.975385160467567
33.38925319862143 21.956347469783562
7.024559090692607 23.752546287140653
2.7844561171062017 14.453340311627468
3.551516824109618 15.280233516394688
34.537343431025306 22.018958771466163
31.110103089109575 20.088396303844593
9.36858165474619 26.115657407987953
34.25299477641947 22.795599744646
4.159778493003133 11.9458200682376
6.738421278672476 24.58801835603076
31.581820467121126 25.283319247332802
7.61423282532479 28.557760051663013
5.926898831954729 23.333405448625765
29.10633359186129 20.61738703362005
4.351311622164728 26.229945415097962
33.62316107493424 21.62461555142514
6.727600413653617 27.044253578056733
6.859064511997626 23.404188071178716
5.6893301380060475 13.602188576076978
8.078644542481639 26.9989447678519
6.343944871258549 14.472313688991477
2.324909346967508 14.124921445331692
29.665837902432575 21.314437871008963
34.14684954782114 23.168852170772414
31.29089933708305 22.725237660275663
33.61158556033771 20.459972120302943
7.71760658622634 25.739743798782623
30.24299460701972 21.079579989600518
3.7664071658684892 14.488430322389716
6.538019785776534 25.121042651739028
32.69023797126573 22.85009464220077
32.50546985353606 24.341998216207188
1.6621910544880643 14.158635498452693
7.800208765272632 25.284443396798068
32.388283241599225 23.41169226478523
7.626335127498675 25.58378145114248
7.1200707462217965 26.321643000059186
7.611414017580382 24.80384493401793
31.036541881798442 23.293704779170714
9.6281599744266 26.767512470573262
8.13852710597458 25.49576366253423
33.54057497401532 22.585058607275894
6.1459409759626205 15.320923944936931
2.858376312948557 16.22912098497705
4.125951487683679 14.648984826850327
7.0543812845675955 24.385142659489137
8.562497820908987 26.782276852881736
30.852813570799825 20.00501683809759
5.008471185389087 16.322496539899216
3.7450955609544385 26.336795225584183
8.710603012482201 26.79057675601611
5.1194882446171635 25.024744938498813
4.619010868721907 16.53730923781814
7.407830357665202 24.24449382790235
6.084255799283202 15.055429539906145
6.0710439392790665 15.510116030053759
30.974205843948393 23.43997554096845
32.75625439822897 24.526447525197344
8.597357294555048 27.13304972644693
6.337328516366754 14.281031334347544
5.826650000668717 24.808845032241145
4.265865784604898 14.552221630367171
8.962809076550924 26.191440247734647
8.079580293967647 24.747543713368625
32.51026876219615 22.02173443740605
5.632951704633279 27.34549907969584
31.881646977826286 22.522701048038186
32.708301299605594 22.290904138080712
6.565041538090484 15.421809332442425
5.930962016084258 14.619880649698361
2.6647854973848366 14.372897739319015
7.1154854162282115 26.09091246830188
7.669436535342479 25.808802751325917
9.64750513633183 25.39402163245567
4.808232163319811 16.553460366430638
6.202774410458663 28.10311686835788
7.511863011327334 24.343731045766777
7.334131024858218 28.36110830448304
3.810650426741015 14.293037581360359
4.917243851732891 24.817987907335212
7.3784991966597255 26.203404576449007
1.3887115260247227 13.405887239227031
32.53258894507398 19.921766441879317
32.23350813523199 24.200020618023707
9.593254509401486 26.476011075107287
3.6630497072315764 12.770181793625309
8.502202642407184 24.722768509957557
6.20933727763014 14.596830151272096
33.03514109424861 23.977590805755618
32.14011217831738 24.114798107878695
3.2181259642334163 15.048387054767558
4.061686464452972 12.300364311961404
6.827099481735556 27.689274719261956
6.646812345600284 27.443019839865002
30.71091153839905 22.290515736466862
33.77812491605585 22.238130962907416
33.52508155721711 23.893811783424482
7.677997133769922 28.019707908004317
29.579104946714576 21.17450073912807
5.83799208807005 27.093574714541287
31.65151025407933 22.053872046152275
4.211470313675247 14.752447856364281
3.5283673842749312 14.141425279779975
32.243052520577905 23.896769552880187
7.948768476471327 28.300122878507626
4.765932212180557 13.047107960069555
31.884224640458356 20.174461579702935
33.14139160439627 22.156421132258412
32.31687064608473 24.68348472692282
32.96559184170347 19.226909706134393
4.842025720842648 11.323167163455054
32.662600655530014 23.779560064515024
3.4896365455865763 11.658527612641883
33.16318577353976 20.080235368375828
7.796943880993948 27.843271276317378
8.546458513146508 26.743692641935493
9.710473970604742 26.31906991682158
4.044329127463767 26.23223412576087
31.28149849161548 22.31403096990935
31.307130868385567 20.369883917006177
8.194245264770771 25.780976028559238
33.17869097624391 22.14152743381234
4.7564814300857075 26.6990943266074
34.6934026125041 23.48486405701686
33.92371495796064 22.418562108212253
32.64340808181106 23.78513839351779
30.513940218117423 19.711882353250395
4.884802098499996 14.742520557888627
30.918390949347398 24.34299142250616
7.851232202498679 24.684267008725268
6.885108651808586 27.68784976642168
32.32570022813196 20.62606473413472
4.109525533655108 10.987407136803533
32.70064421853445 23.949410920307717
3.6132885682637177 14.169560499512544
34.19752675299634 23.721407307264098
4.986227718886391 25.163485843668077
3.37229068942946 13.172039803558782
8.59508255904675 27.557200791620506
6.0056515363846295 24.807493127227804
33.41169596205631 24.32870759720017
29.88104371709693 21.39640112157785
3.94257160889218 11.921352189244335
33.118482135711496 21.2819260543012
33.34417688825538 21.71863140282135
30.459179148922875 20.568774684089675
31.34592816002566 24.89802860469927
6.046778880084328 15.650798499547124
10.019096182556742 26.005782134829897
10.133127207828524 26.04441491108092
7.177279029418594 23.902606983496618
6.578816957057727 14.505998278303968
5.042722187572796 24.58861463479584
3.699005972401904 16.442425270184334
9.01473210117811 26.128393407187907
30.300576337524863 20.183483221376882
4.720263906022998 25.47183344739566
29.724922326718293 22.2375456967616
7.196771548565144 28.292790889369655
33.57389013550071 21.31145438043471
2.5043107097512847 15.179764276970198
9.29897771685524 25.01097437642014
33.15147796494979 23.58634728006013
33.14152457991867 19.84425346548872
4.8696320727808935 26.317990972609135
3.622988730171824 14.273768228180451
3.649105533153556 13.997975529903265
6.2182910048553515 24.849308790675327
7.387713707644556 29.030061418166095
3.9225756956348476 12.812191327995965
5.310970208850463 25.163003059099978
8.41666351119049 24.4219314405651
32.233592555514406 19.808223075355013
5.2906506852640245 25.40351488069968
31.431941868586957 24.639995145914465
8.287950057270601 25.72745162489213
2.6624661188274166 13.001494326510981
3.3204536441786656 14.909504186817417
3.1578409604202022 12.227053522491396
33.47232220108728 23.829781701219872
3.5718629533936355 12.715451372488904
5.1640950343671355 24.133807007735136
7.755651616972625 24.342392195029095
7.311146364491919 24.645983948218905
4.398104644886173 11.54619586606037
4.676091426456012 13.729632102778504
29.665801906158794 21.78246737644139
1.889903651397785 12.669672080946668
9.680324994991128 25.330687537547387
4.828654395854098 24.98315207018487
30.76957655524625 20.448250739575666
4.366985939844942 11.99922329302602
8.922101567334627 25.324343903252398
4.976738392912204 11.520006541828232
31.47589107629067 22.668569957660353
7.533523616950926 25.310907730271364
5.088667697061873 15.372328017422848
7.481166488335064 24.62695367115259
6.202115144064878 13.97671676294214
5.4049660468302525 15.538430418531902
7.2484507725184475 24.19035511344429
32.74476914599767 19.61463436562897
5.388289732985561 14.031542139843841
8.991752789449716 25.87642250222844
6.088132087781276 23.52787571956584
10.218605828900152 26.10844051480366
1.8879805462192216 12.215262328682426
30.191414151968456 20.340765084651174
29.325410957750638 20.509684009599102
5.879637648512045 15.047832363659198
3.2740547233638475 16.80744752491276
30.30267160865614 19.843553731732527
4.231494894203624 10.941971920322285
0.9244803449142323 12.820642445819782
32.17484482307489 24.007196827397657
34.22969222621241 21.869659212915078
9.268728414555607 25.32190478339608
2.9690599463351632 14.405752644055648
7.655794848449137 23.807434598905054
31.987120319460672 21.664234313952846
1.598038951858923 13.47676461922521
3.138718616227022 17.145030486486984
6.370860603041191 24.95541668194543
3.049163227578421 13.816914094858248
8.026285867068918 26.17435364637223
8.325365512087389 25.672021861039035
30.00326256546366 20.34601430362997
33.098433777264155 21.00649264236622
2.1966409521329986 13.114474091312832
6.9738828656490846 24.86011844737107
3.610525439157893 14.768978614306274
6.29393078203557 14.830958373992392
31.34155835962963 25.457835684842404
32.103832829948786 19.397427240583934
30.870178180916813 24.05388256094502
3.640524326572921 16.026517359622044
7.785237550838265 25.41661533940014
5.859053183851375 23.938725460122782
1.0559361663004578 12.576098020899119
2.7134085617754105 14.887851576696784
7.354146355478821 25.291992542869266
33.12075977250777 24.158844997430826
8.518868700291168 26.44279922762408
9.696502182420671 26.62721193469524
5.626131744118618 26.168302170592202
3.068907895516608 12.427020412791876
31.234257457546992 22.012384484816796
3.7114022910884064 16.542851615763055
7.010784790437211 24.493930642984616
6.008849887274906 26.004477042739765
33.28524821266132 24.36779000587343
1.714167600663822 13.198654836859287
8.696440002709 28.053627740349977
5.7422650411859095 14.002339032142771
3.533966562883643 13.502409987219982
5.731823459429533 15.561754717839465
33.18772744091132 21.943002101324502
1.5084746900822044 12.681642711931952
7.327049687759867 25.044244240943893
31.564612380886935 19.495625658791095
6.308750377282697 26.504069828961203
32.55162670998045 19.47613052805425
31.124101629055193 20.62548472227044
30.217382092859754 21.15840623523429
6.730571917543216 25.403602544925327
6.356256463161147 27.599386066957976
5.63812186022553 27.596101114811777
7.936472197498318 27.962283987544968
33.6042889259184 22.028741968221258
30.37776869356721 23.554991238877182
32.59672348280671 18.590742929092876
9.001691838908314 25.050674101412593
5.340944849577911 12.198954295402155
32.33126947396598 20.91444520422695
1.216530587751322 13.06517732201748
7.572846402108406 27.02633301902853
4.743922557258907 12.66151401179555
5.827274113416114 26.26407559011499
6.999766666322802 27.384670842369104
4.341593329860734 25.3306123258055
32.823830848509395 23.869392805989413
7.899941311708903 24.519144208670294
4.471770749589374 15.84641063399433
34.535139064182324 23.32934860590221
3.2700867782699223 13.469962925374878
32.4313131406803 20.668216228088408
32.82779468160737 22.597954969464677
30.957784181638 22.696981421910046
3.1545358043178022 11.636243867091098
3.973461537525688 13.117715439984675
2.9280860002579265 11.889762015147364
31.956793534175397 22.476053206028368
2.92851687900744 16.532047212237167
5.278747108024669 25.395506227492962
4.3216824439160035 26.41077553905341
6.058277280839645 23.071801323613105
7.980377026628509 28.917697369957327
4.7996656916513665 13.281098669478876
3.869297817960212 15.113300371544714
6.641393366064858 24.259535987677793
30.395004226043948 20.919109783593733
3.1262898295144788 15.076485744743357
5.423102196560357 15.438232283819572
8.780605737300023 26.682105436822514
3.487690574984036 16.081077618929317
8.527014704333284 25.351838063460665
5.740394466013823 23.598781973776543
32.46388979379672 23.9587918015594
31.12872864722371 23.499176139863515
3.122522302845338 12.821869077599182
9.33522869462099 26.55332097872456
5.532876076996864 12.287995764638096
6.663980653704644 25.183505102621528
3.1251622525632725 12.086951716244112
5.278336219216908 12.965023156174963
31.767859171069958 22.063199935840196
5.211582750802362 13.90934636991146
6.479404781927241 23.570976878660183
8.969262265700493 25.180181144208618
5.676499443875206 13.065517439755048
34.365601746852825 23.153771115581144
4.980444444476825 15.18604923710275
32.08272807396103 23.14322107526376
31.66723104152156 20.949525625733482
2.84225647508428 13.79110424008921
32.589862802739766 24.02223127217458
32.83953489369347 22.367801043177188
33.36510776286687 23.211589611504806
3.399574252936822 17.17819251172849
29.871783916131434 20.21236494890799
1.4316130357989545 13.373593193910658
3.626626192850802 16.169281352732714
5.162181897768152 15.351730590281086
1.8669314756439794 14.5594751948002
3.825219356213318 13.676032305699115
5.854222530976771 14.100318269334647
4.166206576574122 26.481890464266808
8.211215376643974 26.079306178349025
5.821330553662844 13.874862821145783
8.44996318385866 26.093040254662576
4.7504965502866705 14.85052049085735
10.213623111206473 25.696259417213568
6.536745992704564 25.168217786746286
6.336869697342024 14.101919132441207
6.509559049397562 27.662920053237773
5.979954009232329 24.78618412446519
31.119941829973754 23.993223893466133
32.35508678699423 21.4260641492563
31.732203442267046 24.508389178435923
3.59029872796034 13.922063237784142
3.520786778770927 13.928381585353884
5.365783976908559 27.111697898292714
9.133600365700598 25.766576162419156
6.29149796252303 27.658250311304492
31.19511024500918 23.518116847228075
29.99697274990404 23.00324444881031
4.700152057662846 25.155435667229742
2.947334503765794 14.727564217512976
33.262121410941205 22.406025989124522
30.1129822003189 20.447300770085008
8.264489882549414 28.327225227416392
2.732746526302604 13.043704706301241
4.36263786405118 25.840563003798053
3.0584554864023015 13.814882475160891
7.105105289640172 24.573411850474166
31.956000468352457 24.105217027664292
33.09398924252213 23.467570273065334
32.00744542760475 24.50099171406905
1.9993485609643766 13.899737838656144
6.252879388510795 25.7410569214387
5.329204808790484 15.068846463769857
5.147710215437323 26.44415744111036
5.280357523319682 13.095897810073842
2.2534540656998274 14.718248054699467
32.73261140225293 23.87969110509896
3.828997050594209 12.468370704203007
7.897808904603038 28.929748760846937
3.9304742380593494 16.699703698642764
6.392367892916193 27.760732761213283
3.9279581415155618 26.11484061470288
9.286991312399781 27.37447428980061
30.0972867953023 20.836205060821307
30.622756969438672 22.91785946245484
8.168512875578088 28.63472412389839
6.303567758845635 13.698811593919883
6.147369209404903 27.98678864651245
4.226932388350582 26.275862672295442
5.888098520650526 27.590764790176433
4.882065449843869 14.519944031163586
4.254889626353835 25.99461124161332
5.517700890910187 14.118032168910146
5.094616138752643 12.378291286575323
4.750998879602228 11.48287024670395
31.44592966670902 22.815729473173818
30.503456484902337 21.97012661909215
4.931132532146632 12.563011712827166
7.975888782176521 24.276682288823707
2.3966806501492384 13.658207591053694
7.802770472369591 29.273531977199443
6.148065372454407 14.870781610426597
6.677249650604848 28.28455481293423
1.6001362510441588 12.950841858122624
4.394043169531583 25.3597829046719
2.0530323622786133 14.337734859791988
4.303543581238653 11.37369473350923
6.881201353329984 14.801020770452212
30.741104752721313 23.422678209964843
5.911149753053224 15.401064299975012
33.23209533980272 23.30931044295295
32.37275053392134 20.73268945046479
6.940380082249295 26.393604129037545
6.181823198812334 22.72492007764625
1.8314519682212453 13.956122738330933
5.586227718850976 14.742117807046593
6.626984238048957 14.35918370189189
31.90717580280091 20.768971616274285
5.879272469568322 25.918230665757132
2.3786065152316365 15.41775879225474
5.616716453314187 15.792683354540134
4.9769089659963885 27.27396186258401
3.341758482422393 12.46050669086692
7.962906068543482 24.400573363028375
6.906190595280989 26.1916080980922
8.238642929939079 24.221984142235133
34.30415118999655 22.406080029654312
3.1307400849004012 15.779539686134306
2.7374026722998104 15.923566637302242
6.257534905419931 27.93363011288353
7.996719970247285 27.416219274618182
3.94377187903749 14.373715164255163
3.9206897098255395 14.079180608599685
6.459919049664415 28.171425454288347
6.865830853041441 24.74066581966389
32.49911230811942 24.56362258406855
30.72404726440818 22.93867288044766
4.742131930619944 16.444394261290416
4.698846713406406 24.954341832565444
30.737136462077846 23.769253308316
2.761029250539449 12.726417753262691
5.131335041114576 26.161899377542042
32.86437891331628 20.974028353303833
6.0931078271298365 26.236638329882922
8.695862013931615 27.897553935436164
29.77514775982491 22.083357795600573
6.514725353146216 15.24251632122105
5.208168174500026 15.450472577473445
1.5255333643351259 13.675550314169525
4.469986499867096 15.079721269356732
3.5822062764271356 14.770139172279531
8.234448056680032 24.380308006696875
29.888236531429587 22.62340837612795
4.551402205698275 14.825653557202081
2.1585636715419945 14.610517778695359
32.712362178971134 22.276028840407523
8.28709868247222 25.917214439028264
2.7402304432824995 13.04901304565952
32.73626765868652 21.937051053573835
4.389107242625691 16.56816341953187
29.565227374219862 20.82398943263136
3.4563203961849682 13.864437647288346
8.352981949807944 26.674911533914507
30.042755168094093 21.588065650372954
5.220632303695696 14.200481645842112
2.1264897116424786 13.889951425801407
31.763766885922006 19.686090869190505
2.773857731777515 13.040463562737393
3.1163283596889686 15.4777716407259
33.83854495613797 23.056071519279566
6.917776181508752 25.0537594707614
33.748561462383734 21.10219548831475
30.32142715778281 23.25772512891412
32.332077552259776 23.18038548944785
8.645151332579943 25.17781986184806
2.861469180035077 15.624204653756763
8.075219211642125 24.110597135655524
34.135084764404745 22.885524946376705
5.095540483343354 11.51045748784967
3.5666000990743747 15.229085853022548
5.102069343566142 26.326973991661383
6.63665494168527 24.450464341351875
5.63376633071989 26.95095067584371
3.646688057606906 11.57908480105509
5.9487581491012484 26.622247089389443
7.910829435608895 24.298259778267344
1.904624919690309 13.981641546552472
4.662288464342121 12.088366375478662
7.505779769319702 25.451724093840888
32.39351650592662 23.812421150432122
5.702445460879577 26.539628824664042
6.814174533109395 28.63172798278753
33.20516827475244 21.38329204989638
4.451285285894214 11.856134092472946
6.405016881739405 22.87066761891513
5.047829559392209 13.889027029479747
31.971176898825277 24.877345587719347
5.447293571629277 14.441465461973687
2.1089255196150214 14.99835500756097
6.80041682072287 27.499697312842105
6.083196894518537 25.613112764318853
3.270989237656005 13.846805747555079
4.160903537887788 26.044468825799605
7.139051657324051 27.559459669988865
6.15402506102471 23.182800956814066
6.534500178581798 24.5052099169674
33.34018686637474 23.041864973880244
9.411842517718771 26.039789074979716
5.914807670245729 24.463238507809677
6.242352088261859 27.637538454391592
1.8537092813487002 14.450502572168629
8.74583408193902 27.6225901009282
5.168130954289152 16.07339707956423
2.385453703741984 12.130642756426509
1.9287570734391006 14.161916392153486
3.6452641736087084 16.701622557910596
31.883683782934067 22.748445735472085
7.772700372148918 27.40490834143303
32.23708492457913 21.28745164888155
1.8195511435277316 12.73552900872005
4.45648700199626 14.221958116141801
5.536141914467539 13.023058856649126
32.21683123899745 21.362521575051765
3.4220138207798145 17.087446813770605
7.991341931206202 25.496597902473503
4.002719862726498 12.37152471074134
8.493521004669349 26.579733567984476
33.4280551354661 23.910340734105457
32.410511286490014 22.356663802056307
6.559702511495238 26.911907070870352
3.2620025051139683 13.482322233509715
5.028548241971483 25.80304040050099
1.7692314758639132 12.15694039347579
3.8364492967807284 11.999199773276535
7.27627647504291 27.35108407582675
32.96894371262715 21.233122195223537
31.907012532804607 21.047333234403332
3.3477458069831147 17.021941972974467
4.30629752222524 13.825917270061025
5.4362800723941875 15.934122860986339
8.241443480069576 27.454628190163127
3.8720472755581286 11.86048927105314
8.530180728114962 28.207991689707708
3.273638261124778 11.464455034385256
8.706293019039292 27.117359885601974
6.457974243934867 24.02848079674288
3.379089226090602 15.70564742339282
32.41070381734864 18.88168874438074
4.45635205779372 14.137872942165808
4.553821244349094 26.730266466184602
34.77618456429695 23.184402150002278
8.587422521262235 25.256940689442832
29.714861266565073 20.382207866953763
30.3352414646394 21.965029841232827
33.42192195756382 23.72408437617354
6.703370131050274 27.058073583333893
30.995581620657404 22.766125338656362
2.862855725863958 11.762358231801294
4.883739133780857 25.619929345488238
3.475505236084398 16.531896117691133
4.411722774381812 13.99709841853706
7.173955757079627 24.49674350519565
5.77743443902978 25.106458629771737
30.76480700553401 21.01408635683749
5.7950281557225685 15.563515514013162
5.833099783012626 14.455235597453985
30.603617520826038 20.084697172235657
8.19798050212623 25.191712069374354
6.494596123239324 26.66234172719801
31.330359740371897 23.037145255759974
3.7845250373031583 13.386988998654173
29.376140481457945 21.143816280560696
31.08373355759286 22.4924374190915
32.06787800080522 22.138590251025132
6.382292694931639 26.466517790054272
5.554701756201949 23.541651225810725
7.21657601335791 27.351400356001413
10.01046897533817 25.94989882187905
4.893294120672035 24.45633762783949
30.965171847358405 22.53976553271329
5.717670719304408 15.817069861706857
5.556846995998116 13.192178582103567
2.809204940765567 14.224546477998256
5.81570136133943 15.24370850339067
3.6922385497322483 14.584191590162806
4.551234858927938 25.125154716404154
34.259301832430616 22.62610721840286
9.296187462754776 26.710442187205544
5.480746577346086 25.310782524277144
2.286881815500624 12.930541860692816
9.1213310533867 26.85746409005316
4.586271327862818 26.889659579932868
5.8605034202421855 23.59014224739959
4.523799587643051 12.534290515561409
6.266021618173701 14.37059641331212
4.873692499165994 16.303360923909302
5.103570977343583 13.109756596800079
6.879292089733344 27.64839044520928
8.915573909049584 25.379171955609817
7.033281240417636 28.10752293336223
3.6688156519711663 13.883246573441504
4.173821146249202 25.999310284008978
3.045451455581441 14.288798213906972
7.287734427496822 23.585316965500557
4.1790116820853305 12.894083210540337
33.31082367331791 20.172128643758004
7.042438052979696 15.517980457417032
30.22990187340718 20.06691088225258
5.991406298724783 23.264713179431126
31.891502555026154 20.204204769595812
2.005163411823528 13.854027677933997
9.089515609901781 27.546760382258118
7.642106393326862 27.02482021507889
7.157179606456731 24.507672922347698
5.080207125593699 11.556627756717514
6.698670934902177 23.019774180136984
32.80278071187418 24.02776820387111
6.5195160025870935 27.070116054671608
31.056116051588866 23.614076316976806
5.258956396478438 14.52777071727841
6.991284406185936 23.613444475624505
7.983353087362499 27.079310946724625
5.462616966466731 24.413574511101178
8.59612164935944 26.72269892416303
6.058216849311494 14.212335184134647
6.041780337844915 24.557711671036884
3.9978846577600073 16.450889520618244
7.181452365702084 26.823989983004953
29.882489185639557 20.27173029482246
9.41416736029666 25.071156561106335
6.024307752485772 24.63180580092452
1.9063478008464445 13.356098064510025
32.1416559482578 22.493294586293104
30.97669546036623 20.384990292267535
7.028522314794989 24.883326746396357
3.789920208170006 16.303999655966088
5.331244646636069 26.315395128862598
32.730308399975755 24.30642059580534
33.040939889431094 21.784111845757128
33.85994254478655 21.51212026979467
8.546382953213472 27.146929373903923
5.697803408277157 23.718190860075225
32.30079906778581 20.7543756338286
5.643450124923209 15.09604463991228
2.7154515320573047 13.218050364461394
31.537799289693456 20.98970392507056
4.671967078508082 14.364480886899011
7.5381657078541675 26.329032773847786
31.253903857464362 20.795744018005745
33.42744634564786 24.290078918865024
4.987026341188822 11.108339692313704
9.3846742219186 27.03174115755084
6.646076233405089 14.66483879708496
6.833992782902666 26.63676448603312
8.735012003316038 25.183351780785635
3.0432768012496694 16.710746209283954
33.16412950020077 19.49360459255856
30.98439205335819 23.236974033668677
6.611715310881519 27.797340919859035
6.246014356071205 15.680953974624892
2.7490134106980215 13.550141079305527
3.6625757712549407 13.224668674754724
5.319625734308816 23.892906421718223
6.322403753686333 14.888787051096877
32.05004556492541 22.90512956617891
8.635165536315307 28.131476202538245
30.67177731108175 24.087123999529744
5.969473952919413 24.217949264243426
32.485437393419865 23.115916426712413
32.543165659178456 22.20680136708481
30.083009318828914 22.03431727185552
3.8224306720251864 11.490098228821418
5.773732133537772 14.88294614889707
8.948221209250457 25.921232139559187
2.276879345710915 15.263690389241338
30.75820329909929 24.330522471170774
8.517157700243253 28.47382479851904
33.5447458335194 22.963925671830584
32.100148312491065 20.4928378667563
5.642002047818687 26.471126387188
32.06399181655353 23.284201988977184
31.383956290312884 23.594699333921405
31.798840000321235 20.546262184357065
4.7488518811048035 26.54878581870931
5.545454178296026 12.14620201234016
4.589173648961034 15.984138409072468
6.324997037729009 15.351440115979859
30.108408426229847 19.98629984263477
4.237630897994176 16.78646227640254
29.846471832738743 21.19874051661715
4.377612221446067 13.19099730151282
8.827143445095857 25.58647983307328
2.3514640962342193 14.493856143250442
3.3044866549193666 16.139451363618235
3.5144962511846707 13.623252018249966
5.751261625092743 27.514929532704915
30.748185064669258 22.304346705997794
30.656051310962848 23.949600495966177
4.008250424529557 11.53512545555754
33.12389249133468 19.72794038077741
32.712469213813044 19.49855306299842
29.91915190043161 21.494254181370238
2.7362691420679655 15.177547994034132
9.125991411146446 27.031117656035693
6.226520789685781 26.47147549205791
6.055707061677931 23.71947593976385
6.539786195118483 14.25446438104875
5.458165704082576 23.956847160946655
2.8545739760252773 15.62350572217703
34.16482249354783 22.756326467354604
7.511455961550367 25.83777780828566
34.37691563214468 23.36416506220412
6.630386597572397 28.34763387580601
3.9678469375991345 13.967718161342415
32.8540140450953 22.872998556143163
30.0111543259695 20.739465353163013
6.417350228406554 26.021454065206957
1.081508043396159 12.500031189411995
6.874185051541943 26.150058980044385
8.289248273494323 26.60682979090113
2.0028682354684073 12.616007350715323
4.411042835840526 10.883761435750749
6.2188801352110765 24.233496170929147
3.9609726834905 16.853167456852617
6.288676304252891 25.780828739735355
8.088549004447662 26.79863730174053
3.4676294498965365 16.27317846537673
31.517592840310297 23.853296636205332
3.500006296376549 16.70587532616898
8.527475876101597 26.279043933025036
33.159697160952256 20.027449776636878
6.972300397017767 24.180082693761314
2.101930138029931 14.360953546577912
30.441310768317525 22.71839414403575
33.132051114149 21.005443611285656
8.45267112149363 28.08728561327128
33.70187753059302 22.065677810180738
4.0859881397732325 26.59920591630213
31.55999403784083 22.645597782485225
3.101591375139323 12.996190695083637
7.426677328602358 28.37175949887569
2.057054357170461 13.61395538262149
4.809892883683211 12.497685600913163
2.0166603687589753 12.25597847956481
3.176959009616704 15.540155001389593
2.294114108351476 12.56316983200529
33.04753524422042 23.904693722473286
3.336380579347301 17.062245488052326
3.2086597881739722 14.12159495732621
3.9917341666249935 14.255668529113828
5.423897085717007 27.066744077443246
6.778290765237634 24.236445050553062
31.86145745563217 20.90140918507187
2.0881221701267743 14.8127832061791
30.628661171943218 23.472931762718332
5.662954234009295 12.33577511397819
9.37365185244587 25.421939406982567
33.855277064560504 22.595865636050405
6.55702902202279 27.679700382465793
7.503660097417354 27.274209025534173
33.49456063276566 23.306491125446986
7.094417994830644 26.241466003636116
5.868177422653611 14.592883765151107
5.955779142263092 13.110389060487693
8.080974234726435 27.451880826736687
31.94582923751704 19.398043174287825
33.28411572487829 21.828709326120475
32.68633942160955 20.712635411052823
31.851652220718428 23.853574467182952
6.979936118350605 27.77038319631982
30.445386058255608 22.644815120262642
6.92407639835883 24.314645235697085
9.296386221014627 26.821038715893728
2.7212549588119286 15.839356565751352
30.950923317389954 23.707082710433344
31.36470827819593 22.850072773408826
5.434923764739187 25.518327465412003
31.006424660247028 24.191964421338632
3.1748217622055566 12.028994220292272
33.54480884743147 21.553351586162062
7.382843298572222 27.870585316567777
29.708901540044558 21.91141729624794
8.03412379037345 24.168845699817354
4.23632047980543 16.107535637700778
6.75265669600985 26.51318433840629
9.309594864369066 26.364218110803044
33.67072477368027 23.534876735952317
2.8452725521595137 15.978301095856178
4.93530671886243 16.480351896642453
3.0720497643008238 12.246012699652548
32.852030250432676 22.685176654455883
5.753531656963357 25.895300738485187
34.1575336207309 21.51713691267699
3.1320419885065016 13.624887459603926
3.1368063963754493 12.47319390064545
3.7351867319612055 16.55077778361781
31.82424981985594 23.66219364803944
6.490765255204778 15.108257591168654
31.075551026373997 23.583495546763316
32.2058710149196 23.249938612251995
5.614949309590729 24.80409998657496
6.6443047709426875 26.17810039787712
4.793312760114943 12.858015127034857
5.245493136074257 14.805468114962073
3.4598767940999275 12.056463888012965
7.098393593584962 23.70085143119155
3.685926882537546 15.06169029824008
31.54695602326122 19.76903600743742
5.298793771419681 15.915620735664987
3.2203093783718857 11.941466263854787
5.200152820076885 12.348667727016501
30.319756030316302 22.664233703082985
33.514340712106524 20.137410536558264
5.4192647724287175 14.566767684633978
7.133395302091521 27.883156023360137
30.031020491354507 21.293235789504042
6.336324810475896 15.862543395495344
8.241860037455037 28.154897536132477
4.5340351885087715 15.05091798695359
5.471727127230459 26.247485741639682
3.2698565073032957 15.801793573148718
32.170784627067086 24.40361833965773
1.6638906633194197 13.064023547872242
2.7863993194966814 13.299673955975813
8.021960382576667 24.455812904595984
32.874421388543844 23.19350017778987
4.360479131057337 11.116905996553335
32.18536247530462 24.18723558435527
4.695157261062417 16.209066502675203
8.660766424235666 27.50926524669354
5.649095365126937 16.047168382120752
32.823761549597776 24.332678437298583
31.647864941369416 19.31751428251066
33.39578425060874 24.216775081805594
4.9050412862688795 26.428416258664267
8.129432754859335 25.628524262642255
33.90951871989267 20.838990027153987
3.1495641737648246 12.096703805086499
33.05988459009158 21.32331617053548
30.95055187221813 23.560740369203
32.76191338797286 23.91835178559532
3.8733434276767285 16.27073561951444
8.85187884211762 24.929272264724666
9.440872047622236 26.385061632879047
3.8884713242539206 12.162077199907003
30.0752762158418 21.97503300442596
7.353226014143154 27.96557026652848
30.985018711337318 24.4459182136211
30.291148110636474 20.32379848599326
32.501562252065526 20.75954343825643
31.633325798001 22.672972811829197
4.610532502302318 11.86648268500171
32.87544120933836 19.21441473006222
33.37874726181124 20.32645949941572
30.374094324823567 20.023078356238827
5.306611970064059 24.252421908945998
30.651117221682913 20.83653068295496
4.687079068737433 26.39114907469565
4.835955272253778 24.74097790627025
32.30922180838882 21.324003787487115
5.770264077984008 15.806489398957375
2.4192135443675564 12.556928977917627
4.4894891395096455 26.104258019668084
6.866699339568056 23.50473858067782
1.6585183143140672 13.220786419221653
31.2985052941194 22.582744551670018
2.22664236255236 12.892320201643173
33.95904937956205 22.9743347061391
30.38448802062532 22.372398160975543
6.767753814715745 23.435952133484633
34.22822996720552 22.842967425027048
9.826582398642309 25.800221585275732
30.471572801508497 23.602200449543677
31.91537481298667 23.287721089123806
4.618753580354092 25.218448797189907
4.654072286921985 12.753049263882465
7.355326548131343 28.471748635224962
32.4483866090377 23.445163759916834
34.680511515426616 22.455620495167775
33.42780907306868 21.999766268610777
2.9782797503529452 16.55805211281827
3.703618835902722 12.521666741489911
5.288965259980754 15.820339971773066
32.8573694331153 22.831909192534425
32.88117811886175 19.50598780488088
5.696755938948865 27.49402014715418
32.730472165273724 19.18100772554859
33.42536831256883 20.0749581789083
5.936214388680169 25.22732618300572
31.389257865708196 22.59387746015152
7.736607300917569 28.117701164382353
34.83284991117078 22.74438043334558
9.04244304803038 26.999832893120896
8.168316790671959 25.71338414634876
29.16961337944646 21.433733428094715
8.438819089356825 24.789703741936393
4.367117867622913 12.014389676608118
6.568269774820305 27.08905739844121
6.737906201174767 26.14338188599771
6.419812289439153 24.321141488926035
4.293395444974317 26.061996831383855
30.393438921633162 21.482825811010677
31.94108918865459 19.51608133712481
5.30325127078182 12.299679157591225
4.798985337598447 13.540609578959533
5.530811575797674 23.989783008594706
6.897560060561421 14.932664290052303
3.056039735036597 13.931530704682725
34.20908941830069 23.765239581016335
4.867344131101075 24.875576935529992
5.936182895243265 27.108061005407407
8.286965123401217 25.98648404724687
31.509259518194433 19.571385793154256
31.483551011473466 22.18926696955853
5.682893238365924 14.431646863262786
4.642058067884706 25.283064035600045
33.88294390596456 21.384744883666983
8.122531845877113 24.095954742876323
3.3103270035450922 12.74966972827546
3.32251525849241 16.023761530689036
3.3058723102785166 14.761827751439183
4.071694653415566 14.451583102516347
31.682577089949575 22.30541944543507
32.70597641094549 24.447603396327874
31.041665032959873 22.23910578978668
6.036421217813005 13.638226418235238
4.7463576641671885 26.959895941283797
0.9660235583014187 12.834628119169569
9.268594622529587 27.027301846562757
4.22450572357429 13.083980701168102
32.47767595195022 24.046027251793433
31.540714825329264 21.380604030109193
6.5089795752213355 24.465616816718498
32.663919361231756 19.829462407287537
33.79935126727023 21.526348801670103
5.5034307706061245 13.43925055111739
4.452242362670079 15.291669187499433
32.91785848274926 24.131249382582517
6.975790863729117 25.01739034046689
32.944785556187746 20.357225215463956
31.403681955219824 24.960473544601232
30.86650737475971 20.563744991976233
4.7124232484681166 26.316625250815267
7.365483958144072 27.640172287995085
3.122542229393604 15.423526565429352
7.786786804608672 26.609987930419297
2.9138838629575172 14.326678010694279
7.424903874227077 28.590618450763774
1.7293245044463292 14.035422634009663
33.853670763472095 21.244450939856666
7.707712504786195 26.60373262375604
5.001243425779203 11.609361096888597
6.66772514154412 14.99005465105251
4.261787898113815 15.638688853191244
5.055941577127184 13.341992038750405
2.5554899881893585 15.100093908752541
31.51008145554532 23.802887601256668
2.818773851840648 16.100889278936158
2.865399479985844 14.839740437016577
33.086630826026294 23.465087161343497
33.55333925083873 22.146900197744245
31.401536394381132 24.500727532256306
31.32675654848839 23.18855307288376
4.578117635063319 25.982258467077727
30.351763307018587 22.721195169316246
29.768076008895427 20.858997657574093
4.380346448801495 15.183269143687129
8.844713924326811 26.682251103700512
6.370123707995649 14.807959574833465
29.411148762520504 21.74080444349498
31.916003765912915 22.91254385634446
4.057460552014027 12.985186055438502
9.487375994616993 25.33155129658994
6.250052927143938 26.896526194574825
7.478794419709046 24.11666958268406
3.799772067703294 13.264172616532914
31.526829853372153 21.40651486364753
33.289094168837366 22.095930317302564
3.087508259786609 13.84436090373052
3.612989687488329 16.104539132511633
31.548895734636407 22.63713565194195
4.638576760231224 14.853817766509817
7.858074460109339 28.707099412103517
30.836724013821097 21.68110447040243
7.284130668769388 25.61061317500473
32.68946691228267 21.251661270586887
6.182950177310969 24.010283128929213
31.002960195891074 21.723076222480636
5.894551730091695 25.06897425947655
9.156143583393167 25.433073445203675
33.393517709084826 24.23330287799285
3.5617584647391785 14.006243114787184
6.366004608701583 24.5318964255844
6.376338536899995 26.665034095982463
9.29886649743666 25.75103712482285
9.271186576182334 25.515329339904323
32.8974129100025 19.822786564587844
2.0941185577064356 13.659515494552037
2.3965505145554262 14.386218448186552
7.689952197584408 24.9687053331706
10.45668430499284 25.830213891308098
32.322545769760104 24.756756390609915
31.136696293739018 23.868109609319948
30.20107279747004 22.269394000583866
33.23942508352879 20.19956730821083
31.642695050577707 21.525326785728506
1.5838201869161255 12.630339527553724
31.821310301907403 24.61692538049674
7.28376016918462 25.842644476884942
3.1866469218702766 16.23895611150605
30.15131746747949 20.48719861335994
3.9437310378381065 14.866819585858387
32.473804480699265 22.772028848579847
3.3517668066694672 15.47110433517185
4.464551743286592 14.240996609947757
2.711695991687263 13.898116150773458
33.08979841546551 20.387077299065076
2.621573938265913 15.35270269060552
2.5162276070140104 12.70627895029811
7.422533756489562 27.83288760028544
4.0565109484497945 12.632334952127152
1.186367805575228 12.97844457327527
6.385822537260313 25.235001665586704
4.396175179280129 16.026815818750023
5.970694141967684 28.0046366700046
30.630389101079437 22.167331948523167
9.07189767693778 25.720279980679344
6.612623475425728 22.967224165966783
4.244098622076278 14.946156518947706
5.514318711726462 14.050608498570947
33.33593375888873 24.245441362958594
7.0787229853443785 24.689489746635697
5.828333621423831 15.314847811649617
4.771945814492927 12.90128198100522
7.904015663283573 28.354457695446435
33.81083781550325 23.6478858836412
5.671879693270807 23.33489196777509
8.685394085594151 26.81554945584124
3.3996042629266547 13.144506491343117
5.10249356373086 11.149055937142572
30.859619108927784 21.521747875848167
6.558440198081077 27.817326561472616
2.6201034873800397 13.059061708809603
9.606141490418324 26.014958171652637
8.296464290424664 24.464877988967075
2.1984249750353326 14.16853959615066
8.310897262492347 28.00461664954664
6.909562588046155 23.711182354345794
3.6844313064708993 26.113649680885562
5.520495564564183 16.19930684815114
5.15609482926858 16.211368075730586
5.183822549462394 12.754408056062184
33.84674823737866 20.896146177230474
10.21114599727187 25.807029880662782
2.718782425784844 13.96498871327974
9.721742334215108 25.831205948522257
33.45960747378915 21.576457960170153
5.323188416279647 24.84886640689519
32.10551985460613 21.67202326044174
33.56207982992162 21.752131635185354
9.02368467277513 25.511356858593018
1.8793171329975835 13.02696733229946
3.030266990767462 11.493895603691811
34.64399690503179 23.060126646795453
34.316807360217084 23.81504063067318
2.400144281236387 12.468746434476525
6.846039936668232 23.39587384161164
31.693067026212553 23.84867503175083
33.09529215453474 20.911817690480177
7.679490730524669 24.897492280234584
4.498191541921105 12.242655778461824
32.79608091250586 20.815523653407745
5.960638459147081 26.587824376947896
30.037870147528835 20.62657860049146
4.879461727820612 12.381091463593346
5.528356554034736 27.53694219428963
6.399641558031764 14.637541203192429
32.11137338159235 21.07115701208823
6.032297296646401 16.028760434002393
4.350993355989326 12.806389537252995
3.3433845638062802 15.36085380851518
7.473438419314819 28.582705514393282
2.7538159744380195 12.731155491189785
4.283969580795022 13.15439985787153
34.706537130090645 23.26465717549772
31.236095154240175 19.457239053330692
33.64741777254563 21.568458314722147
4.807835787779525 13.656315062013894
31.66817557915804 20.018502609719327
5.831195189449437 25.851035919988416
32.73188065102994 21.355863194030018
4.852282941679695 11.491985779712858
6.509363837827713 24.61070237639838
31.02926086862831 22.57182856001718
5.299455291002118 14.574872536154484
9.113598615012787 27.553254975193923
6.499625576749399 27.697584480939334
5.700852367447483 25.422963126294828
4.426537774613208 13.724007161545385
34.50271964376042 23.661661788632923
31.412603188617236 25.137491115498914
7.449010810100349 29.120522306374692
4.566957882941999 11.16080953718708
4.939899323792673 13.614287855238596
32.868728698952964 20.9005909897197
34.22652229051391 23.809464367278775
5.898191151604274 23.70950607160658
29.586614595520018 22.203539141858037
6.713472096637152 27.90316980337334
31.128289826695084 25.09088329478089
8.898160263737394 27.55495117747844
4.780395427509768 13.70670778606992
32.10510763290145 22.989085272512355
31.974370797923882 20.417498951451062
7.116630249226353 26.668379670018894
3.7674316056217014 11.490612642065269
31.773466245677625 19.21906976825318
5.985076678963463 27.712292016229295
7.8801120060226975 29.343131897083108
6.929753274069302 27.993182721827566
5.40912782222904 16.253510562307177
6.366146257089044 26.080232603079956
4.341422467013848 11.066104566543926
6.9558332135969785 27.320177287922732
4.730932655098163 25.633826524221128
33.24807491374662 22.265789113681848
4.448539542137837 14.308380959229332
4.873765747827314 24.949176861962396
8.514004051452781 24.633735395560272
29.350098378000585 20.431724744245397
34.26294243205478 22.06055832160399
34.3240620842315 22.44551677225747
30.022510029482078 21.555905793784596
30.276944419524845 20.782033337563263
8.552825604243464 25.12845979341719
5.103860467839699 11.244023512765544
31.22053093010339 20.571196682071868
31.50785502138384 24.847034186352126
4.278298443490195 14.926375507750764
4.49083785374288 15.29018316952327
9.851015555626034 26.389398328259997
33.56089434468369 23.291537326767795
6.187316669513567 23.800267949926535
30.382467250734624 22.341735449465
6.8056053760396 27.498772080681068
33.23695144783291 23.16091070166329
4.166266126618023 26.266247035127638
29.98290141123715 20.55942383140925
4.145362045899101 11.397229709888666
3.902097278279477 13.395372739589812
5.343893726352082 14.462433363931641
5.934689975985975 13.921202654889806
31.654003577094446 20.75393136610684
6.142088706151313 25.012696149708052
5.548923275573719 15.714785737940703
7.881610217376317 28.242166978377266
31.178629535353906 24.44440856743347
4.263794774826398 16.86247016778223
6.8004243700238955 23.67310465634392
6.38543416833505 24.130494295473913
6.117759801448516 27.383054371835183
32.221073867114654 23.7840269037733
7.118176637992521 24.430574986269676
31.901604528316465 20.876801967618448
10.362164632267048 25.792254765588787
31.749637394475986 24.527803655522334
6.371480171489317 23.98548603139757
5.161462537026091 14.878473687987102
4.356561643884438 14.680346209840438
3.9453534289180174 14.330025144898237
2.46032549085404 14.361589347524152
7.611258714435575 26.926985511882847
3.508444341878218 26.116185490818374
31.52814195413687 24.63931311782779
6.037779388930199 25.617456256686303
7.640939939804884 27.89893786493946
33.2133073009988 21.437313549652654
3.6355908359815405 13.39522933356741
4.612273325032872 11.685747576774592
9.115266697487055 27.658724381961825
2.419708721033853 13.630739391428824
4.183081671462262 25.26594238420376
30.443036228171856 21.255623028090646
31.37665799925187 23.443843572550122
4.445430390014948 15.390383241237672
32.12140973177936 20.505587801090773
8.569289491316024 28.082843340724303
31.88479117714929 25.159662698839
9.911727449488982 26.453257348065293
2.2115006977291762 14.190550604303745
34.00627390441115 22.38772843495899
4.960447473357826 13.347349230827334
8.333707097728627 25.365805878698115
5.170430761136048 25.965700098559854
34.72405496700771 22.69574065805141
5.139938952928504 15.674461307484856
5.531321656426216 23.390631782460307
4.463709011591948 14.677618861835906
30.38970419971023 23.63357785906811
2.2945653805933106 15.369158909544813
3.4231831639179435 12.447953488513193
2.5436426753613954 13.891487614926014
6.261686897682423 13.624206725575283
6.4604152115086535 28.167723726674183
4.475836345762119 25.4973368509054
5.9933956745981485 25.08652142689039
32.39184774712109 24.26742130889347
32.68322892079648 21.141894605757013
3.6328395634005073 17.05080820879375
8.002671289276408 26.223092979103964
6.203575243535803 15.721211169547978
9.61597772957401 26.3921289630081
32.81016789280593 22.409155012205336
3.3754154201619375 13.694363615315885
33.69828694785831 20.68701632246987
32.304177657248374 23.035620827296082
3.5815614922681687 15.762937559671638
30.07449021316993 20.3338537281891
4.720008686961811 12.810360734004014
4.695764426157376 26.57233568266061
8.052781006894428 27.960055921127644
30.012027431160334 20.604039024094085
6.66982503729415 27.83797850693199
7.560702465215628 27.46431754275279
3.8427046825419016 17.030725516068035
9.065638569913558 26.523447050352605
32.430919276591254 21.66441406408195
1.1573852771007598 13.219222540763461
3.5167031856794635 17.018262631208348
3.9265735002420223 14.854606314722655
31.668676463403283 19.93120086655466
6.909617230184232 25.727843039838064
2.7124787472556413 16.258207718101872
5.633598235972463 26.62783223020326
6.154935361834689 26.737615942091928
34.725002979655805 23.248655453215402
5.730665702866149 23.867413345123683
3.4357596934578796 14.557039704797317
5.649790379817347 15.30216670638467
5.037507702685455 12.967979697884369
4.190867169078984 13.366224337594936
30.20078069810883 19.9290897925723
32.709836271194774 22.352980071792945
7.0760720901876875 25.931584886684064
4.7120594964335085 15.722686677226585
6.075269565122026 23.466485093042348
4.852399253701311 12.973994945264618
8.797070972498844 25.933944441560662
30.638028097229856 24.187838721583805
6.541272486000518 25.866933956788884
31.144215226492935 23.431852632116673
3.4315132841233815 11.403648359152374
3.4918532844810004 17.30284082406597
29.770202860483394 21.279699648422742
4.573444675851357 25.98291569466224
3.5976070938610407 16.402810175593032
4.541923842259211 11.900531424566696
5.566373654621714 13.570271006412046
5.145351694896931 15.473413262260022
4.9623611512448464 26.666518834570184
33.04854895803989 23.396392707446402
30.53818481139614 21.36849655694942
4.763391869420785 24.49417639994408
1.3446657362188876 12.63134634457977
9.113102300567851 26.868264344102055
32.96940810172114 23.65972991507614
4.6480190500934695 12.309092984836557
3.0038487139690915 14.615656576248751
9.03851689829514 26.546122735251313
32.68025883502533 21.524429965446323
35.06275158257661 23.036442901979783
8.362983109180627 24.330001632141553
4.738405909812306 14.284129568676065
7.4774763403835145 28.317570932342036
4.855143068226836 26.286196193961064
32.01387668629112 23.122102067548678
5.0006410121665805 12.809568521151387
4.087126624499174 11.584679506829259
3.6839731030868252 13.323870177324553
6.105800964694461 23.05207074818704
8.977887540231263 27.314232227162805
33.395933903572555 21.089621177334994
33.51677565822528 21.300898147065197
5.0065767210422205 15.966774606411182
4.170020944460758 16.71980755803008
3.664362295238986 13.470615664671344
29.43203945059402 20.867180926209873
6.560454595287458 15.630978389469963
3.9782540919337146 14.771065176496036
8.36600842825709 25.93460906383124
4.453664950029946 14.39197162768754
8.455246911299625 27.235212010277607
2.6964635976530476 16.03693346304292
5.83806022675009 24.698516213052972
5.099308051057259 24.748307961616373
33.195775133660725 21.920986309345064
4.340460871148759 26.37744017339249
8.94577606708211 27.123960182309144
3.7009753744848966 15.300080646756744
6.027197178230158 25.876102314165486
5.206666039433067 15.717343404395313
9.90499201349644 26.02172978652234
32.99825107759496 20.87480681449648
7.289078429204083 26.020006408295036
5.060862782899644 11.184701920543592
3.303998728310978 15.005594257243486
7.018198054717525 15.3256683458175
7.858635242726279 27.308747150109973
4.843338769178861 25.969847815611303
9.085078427264234 26.657896535980274
4.691473233540061 11.584663846647192
33.48251559382539 23.388989879346482
4.877299738832816 15.29242115504319
31.46763189737692 22.7793197894258
34.28964002357525 22.59188343863644
5.005306132624529 24.554161863601195
30.626201341780455 20.14990827168669
3.727738127173576 25.82183651835978
5.982113571082521 23.319298469334896
31.096607226670567 21.624184325909095
30.808309360516173 19.823188701510713
5.614191577665971 26.94090656371761
5.847801809494397 27.16695206175797
5.737973932775445 27.500135537446678
29.91306150437884 20.65582308642325
4.551477982000747 25.013989173314027
34.048723841001404 22.61468934699903
2.1538709005342773 13.966351931667038
5.785521636724207 23.80134943231687
32.46756787388651 23.10761219801226
4.6770812405180155 26.003741826914045
1.8086045383901834 12.975293933802728
3.7232630525820416 12.878316390755334
7.278851083234264 27.611114196634976
5.845402473078467 24.581669471013498
30.600556022485883 22.651454679092698
4.051031998108931 11.247000222036842
33.99088695487784 22.974271136780278
6.222378832196188 26.970005944836792
32.269740863672986 20.73511382679494
5.349830463216513 26.962304385116106
9.532603776938856 25.16618466378962
7.415882443200918 28.74144661439257
7.123745524154248 23.353859222321812
4.424543292880966 26.416901990683815
3.8082652177422975 25.901027543142945
5.5410504821140405 24.372289284802896
4.07939066259024 13.956963369683304
3.8417132120295574 12.571747251904453
8.00793010388195 27.20747801016739
31.88421173743254 21.100455472299075
6.236452046700098 26.994982192302544
2.295507356988672 14.273157528892094
4.366307362166814 15.928399198655786
3.3959765843063687 14.50669864032905
32.40019991882078 19.003079337475956
5.336755999282836 12.9864538679785
6.696444205210503 28.187539540548983
32.82744662306217 20.829322525383926
6.491140203743084 23.48380422292666
29.849549287598915 21.856425453083297
8.166405837394999 24.70491113865085
5.22875331155144 23.82288509006449
1.961232260613985 14.790848939347725
3.8345132174473964 14.939708385385444
31.512853911932485 25.383472710008068
1.947464211488258 12.413645337946354
6.209046290570827 23.8729602907305
29.688861334307312 21.23442167404445
4.291785293058192 25.572412127109008
9.900991735524396 26.10947795059135
31.201891444580646 21.375970473316375
32.18992347829787 24.548356352388257
5.8037895966924165 23.079559737771888
2.7171770737538274 16.3569022260213
5.512282477209302 15.522447318714171
3.896751623226901 13.20431029424288
6.594693021038084 27.47342023971566
2.8716503513835265 13.760174011096375
34.264938360390914 21.61713101525014
33.890279628180295 23.8884967656926
31.68005467751658 21.6444429911986
6.267046972624656 26.923795464406815
3.9224930079606883 16.79526701021073
31.03567587709506 24.846205949150356
6.229027853235998 23.197849842880583
3.964518696985145 15.323389104018915
5.21200311608594 11.727339904710323
2.3193111975246885 13.190630050282323
32.74393024215547 21.869999787462213
9.406305301401733 25.683101390018017
32.62483794628419 24.771240457709965
2.8083109900965475 13.506401453428042
2.9895376638169258 12.544489552858135
8.475470280893632 26.509803142331016
7.374483806950696 28.937723817909024
8.531051275821186 24.74443614296574
6.289562585536319 23.22453411691113
6.631917852483141 23.30865785391313
31.327221960479502 19.97164308300887
3.5324876205397326 11.189731997675072
6.920901784683415 28.652506426582647
3.8002976721228854 13.07957705302343
6.550606314760056 27.496180674543947
4.089851852281926 12.005468546397744
30.609128340770656 24.008810908485408
6.357782832999323 26.422428327701354
29.0742720919196 20.606962789092844
5.811541511611095 25.427268545849532
6.948738889264117 27.184420377664097
9.692631142220574 25.869915046615887
33.57499721300888 23.4290312611278
7.3569522587354195 25.669016750237365
2.9088173438223297 11.780774857094304
3.188999355831264 17.368364023042847
30.478331422599933 23.04531972345309
7.061773554497961 26.544371909580736
1.9765515713116804 13.03533525691946
8.994881978450216 26.814386736385895
32.35210687137349 24.218410090817308
8.25461138634956 24.13033439135799
5.201192767027425 26.561595821131554
8.989694097204259 26.589403147349476
2.9024467318557257 16.62454637366964
6.041093730831175 13.786850579798319
33.511907565097985 23.13148782544451
35.167570618057994 23.223825889981605
8.918505821895614 24.86647707592029
5.753333684290788 25.01917329550349
31.488472347126017 21.723654102289267
7.263735160174782 26.86419380938181
32.404558688293896 23.037482022012018
5.575399844576531 26.815249896257424
31.547967144761973 24.765522923259653
3.722180201098079 16.18815907045121
7.319939277011572 25.784728457434642
1.840450883441389 14.296415660503438
2.6552384815434307 13.368194751125932
34.67599729476703 23.407592515823318
3.410507711293009 14.510740975650716
34.05762798082859 22.772940032681152
31.88236613517992 19.31589492021204
33.80968469548589 22.974948838297234
31.276458918770576 22.145020838843024
4.276708899971038 11.377398184539402
5.702219106849357 26.664070590062746
30.20510780616066 20.43762763630495
1.5194862984123034 13.870353831801046
30.81486936898986 23.63840406150138
7.253344270936336 23.521245265278377
2.1567774482977553 15.341209964659196
30.719931175583742 20.865526059753492
3.1253817580296093 15.60369583222566
2.3202172070598546 15.075032715842017
6.24825104521224 25.772506594290387
7.363579041168754 25.196881025100087
7.628887821843616 26.842964044551152
2.115347180955111 12.503877633218721
3.8139522891724966 12.450755400113367
6.256308350697108 26.16827772987192
9.184682051634123 26.430478896639375
8.289134764285018 28.82833709577349
3.2682894331139956 16.88872322831623
6.395108326340215 26.577508824183717
7.920359471191933 27.53843108654408
30.48830689857143 23.65462192948919
6.207805547893199 24.4844736096162
33.578710734806315 23.482304502715902
3.9589491682189744 13.273719201220022
6.777473302238149 24.806226285259097
9.406097164945187 25.349524772496064
4.670473871620141 24.54056636928257
8.670907873965456 26.60814427759683
5.072509464494346 14.2573213591364
7.156837611227494 27.66511075640863
3.6936006568427517 12.449642137660444
6.380778661413374 23.579553082841343
7.506041966998296 28.632102069809584
6.013768664989227 23.118742758839726
4.527586646446407 24.81142376432341
30.29726170296152 23.447776418134737
5.606033659513901 15.87082796657131
3.983627063783386 25.521885578038052
6.262948668989398 28.007942533057996
9.096355588368159 26.375173451303258
33.86579551245437 23.251343438728785
31.753532115461805 21.8365645296206
3.131596428272057 15.188427255553869
4.404902842201138 13.399175942448448
7.43418851481584 26.915171914429713
6.944362375933459 27.54233798384092
31.620713351556624 25.131819610464643
2.5647107607616455 13.722227080263101
31.425997693673807 21.52958932546445
4.167849285006476 12.470307110238338
6.471120909424094 27.13709977774333
29.687804919375843 20.51071538274802
3.0779916795550246 16.432834408312317
1.2907945648640964 12.807126778740464
5.412811846134094 26.366729899074635
2.6489682818129894 13.752083961279128
3.3376672648613863 11.530024768140352
29.72567431010665 21.022178811679414
6.677923837205188 24.271694394865637
32.23609558582676 21.678611014854685
30.507891274973353 21.757464327912423
6.472713948765563 15.40598333914198
30.584216277103852 22.460865862378068
33.383090126756684 20.59630980088884
8.059652445578664 28.059146499144298
31.99957779846471 22.433924952978575
6.878007131387808 25.301290906388555
7.085571466529517 24.592113824103976
5.526504554891512 16.087842861228847
3.182585459353454 15.546800318864621
31.655815976519836 21.09909359525691
33.29027967222852 19.785863404228344
6.812979517084463 24.553325373154102
32.047481303861154 20.806474034879162
31.863478541094786 21.98241454988969
2.853248753108546 14.8648753948502
32.857157421381835 23.530577324609066
6.759589153022937 24.360888546359313
9.592160341995106 25.206467227318097
5.337061241614026 24.340778149299815
2.1240482461376633 12.235881336437007
31.164333174875924 22.810989521147626
4.55190916475789 11.378553700069215
33.18640049564273 21.272265328368483
33.39225605578487 22.15019009277012
5.810448775399163 13.104638154017083
4.436028767364977 11.262450866899243
31.724307057288726 25.256234320560903
6.6653257064995035 23.707868171991375
32.5493327681345 21.20363407619243
5.88546697448752 24.101952183448304
6.518312762889295 24.218200467282138
6.906851173697973 28.088874887555992
8.287750158837962 24.915229374988876
-33.2 -5.3
7.346839787699676 28.362993288024946
6.865841189984137 27.07634097680151
6.137828502291603 24.149063372213927
9.462205457676095 25.770781489833617
33.77506514691609 23.591429754089635
4.873731046684783 13.741233636027147
6.096608424794194 15.634158676953234
32.031671688860435 24.52696521994649
8.837271598638512 26.244236157527112
9.332894431178483 26.284650412327654
6.402865876615183 28.220512082772473
29.847798983131483 22.463194606582682
8.735990747777402 28.178232242848807
7.648864289415644 28.86408504557549
5.041652770382498 13.178317420575254
4.434861701972157 15.974406026476455
6.9826514327189795 15.43654696862142
9.052425107156122 27.019099504839446
3.7438727614856417 13.645002621266652
31.005586748149113 21.506139037177945
30.376822788863905 22.56960887558837
7.430289079981542 28.520226014807232
2.9378909534952355 12.355091121406392
8.92024166865346 27.605706047108573
4.00853808936577 16.04131486106334
4.025985219313119 15.589655091927217
5.7172020224567754 27.516962069545958
2.159326606955653 13.450884522046868
30.571665786910916 20.52337356387129
5.039797820836253 13.550012524214722
5.685474896319613 13.625733811209175
31.642543755119583 23.09896092828756
29.42884588132138 21.449489030120038
4.279296027169053 13.464014914254486
34.03557655806833 23.613283424030342
3.067811963574299 11.847204254031256
2.6240305339861174 13.548237565544609
5.863757558660371 26.680900356486983
4.051193901679865 26.007227203677378
8.052462428145372 28.684998539202205
33.70184478349315 23.575587260914524
5.588203606329994 14.437878858254331
7.29514246096738 23.961374862653617
32.53721203031189 20.085559718532778
4.643027394255007 26.136946266279505
32.79960688003173 24.544247185230475
8.14138014659061 27.74695500742588
29.5513719300383 21.901633948649764
7.493057203081654 27.01650454369031
5.019978366609065 26.97061584507076
32.00457731723366 20.47676823711248
31.88105010343181 23.012599945881956
34.030907513788954 21.308600968446544
1.8340199516171714 14.115323546170753
31.54655994458435 20.824753056681352
2.2314551021959472 13.063031807359536
5.651873990175605 24.108529486034822
4.396651416838839 25.520230845916085
5.71561989525363 25.8800868558861
6.092024787285338 26.933745735613886
5.227026768215082 12.210776160390129
6.643732792640095 15.074521971213889
31.35255720031367 21.530613394140165
5.95899081480914 13.39461435575208
31.75954623011309 19.370397526664362
3.1618992123617966 11.566336903000144
34.00726826480195 21.927769052454764
6.007385906056457 24.894230419764828
2.8377906743552206 16.050304581525108
7.739945365905806 26.90060877302
6.174068371381778 23.543096953013222
5.455328644603984 14.789851106660644
2.2815866414027317 15.476973622819267
3.279430630717647 14.184511577452653
32.78236547707418 24.421248211131516
31.347301051628598 21.312692137500573
6.459804372404056 14.43439500271191
32.4196501150001 24.844777807076976
30.62844920335348 20.614946904658776
31.817739496912456 20.170694508399016
7.080513904286735 27.883930373755945
7.982168988276725 26.990605257970174
30.09074230118827 22.929932249461753
3.2255830802156207 16.25915742179611
6.240493256101189 23.147179140861848
6.693592845811591 24.01174734389619
2.245996121674506 12.819249316836636
2.7889311506928327 14.824398619194703
7.5788162092824605 27.711209299992824
9.505059786216927 25.74150506391415
33.26168677099357 23.39295358529862
3.917057785466872 26.17168663788549
8.50707689455441 25.616885183618948
9.319171871197694 27.194073707957642
9.021142423100978 26.749156720722173
32.321301856957646 23.9813546217904
29.78266891411669 22.504967661166415
2.607988022656752 12.126149059814892
1.9715809362203025 12.436018880020583
5.61695439525149 14.492951627801032
7.254090481483469 27.595651163875978
32.57455639178712 23.09088418475017
6.101274852132242 13.86856566716672
34.41141449832358 23.042870652081117
5.741640769917381 13.604761971208513
34.11444327919303 23.187594559255718
5.302137893928089 11.701146945518913
7.056008702715883 28.42227797127189
2.0815887481876376 12.680518707895818
7.6769812838534515 27.908260081101083
3.0430008038698975 12.001914208149948
5.996646411971032 27.665255568879974
29.082024379703494 20.64256575175771
4.3051921154791195 15.331257299883747
34.23537906099964 22.352544832591537
34.571439033000104 22.800121502853788
4.871882529589809 15.343376516561772
32.2236134420664 22.118986133958394
5.432672890627509 15.105864894855465
32.6933566158479 19.366919681965882
32.88546650319694 20.815359360675973
4.8266852518080245 10.70752505132176
3.3442285643343364 13.114267543381105
7.767168807059645 28.46538354047812
5.114469527657329 24.12387296473376
31.693897403282016 19.647285165395274
33.73107093691161 21.091269165289994
7.177318734291978 27.60922597498451
30.236766239168364 20.019327894355687
4.93493120222908 14.63016531559043
5.641344666042439 26.199863041872405
33.980653584105106 21.78607287548385
3.9739209506694793 13.783799717558377
2.5859805070894986 15.411558312893467
3.6886272664206667 15.79246729685551
5.9085202745279854 13.875977390572736
4.58261780610073 16.625636927915775
30.507902015769574 21.815447428013574
2.276355675288086 12.19406240244657
4.761623125015807 12.27826124054802
31.72839615106129 19.101375701215925
5.974439442074354 25.117322660498555
29.593961921117646 20.79762118735744
2.314383374250069 14.587605718024573
31.34539264029761 19.450991442272162
8.874334793009698 27.06400405119409
6.58051172501137 24.148886402598798
33.6585251224298 21.667181862245194
9.343375373516597 26.92459642053557
10.259635675545187 25.631836634982875
3.8551426336102015 11.776374393571475
31.179243344647944 20.091328427142855
7.6192411462096015 27.699860091944444
3.9318542687746403 12.400100792505647
31.21709713671751 23.013342534942698
8.214816056507768 25.079233831602945
1.8887713245920548 13.480191382259342
8.796555089613324 24.86250718219803
4.793860104282942 11.399106317720612
7.526674755279925 25.159779310363312
31.13986998227534 23.53233773046659
2.5362611272680287 13.172585630670575
3.5653973256306304 13.872768085985484
4.135128456343374 11.76226005001064
6.8176710037725785 27.841722460843826
6.196983208072911 26.46315467228026
9.487953632586668 26.137245557054214
6.296216840487532 13.712885766847432
4.154948712842181 16.681774785047185
3.136128532250588 14.093236964289982
32.642452135705184 22.91183630812471
4.699656428066387 25.96919500077934
6.157107210093047 23.093860799563956
33.80532736744194 22.12306762449373
3.2933888151397133 15.162773029670358
34.81081861891868 22.465712687206718
4.9562173280684085 16.329696664160046
2.0968717827391243 14.056908766268723
7.574736967372465 27.55586756574638
3.2934436784555707 15.483418070041044
31.716898843117875 19.10661724690442
6.204948572892968 14.656641473488547
5.62036912621696 24.286797934224523
31.957804193178216 24.15057165957029
5.041115907331573 13.666779412306598
3.586498646028629 15.970494710530696
32.128803370155964 19.571809343221098
4.429616643436285 16.714380864422207
4.981447685868685 15.351709840940137
29.830008689140165 22.007809772590946
32.78719519303082 19.679896935894625
3.1232577577312046 14.22810422032623
6.147178917370105 25.058573122493602
31.822353156326336 19.04398089303967
6.382464110476992 25.945491731904475
5.44025683599753 24.838322512811885
6.464927484982443 22.953459929492684
4.857836843018321 15.564064715954824
33.208240759587135 24.303655845151717
32.15461629539012 21.713548209999345
33.90405972886466 22.022715411822713
33.124316138915994 22.13723878338188
32.3277195456789 23.858877596378687
5.7916698170836725 24.288699566425702
7.071118151541288 25.343687888175324
30.24313149324328 22.035325899612843
7.743607799915828 27.714913228881944
31.057945019716595 23.116325670404226
33.28135310244621 20.298086252431325
5.658571894741454 16.04239528880677
4.473990972794997 15.121970898175569
8.30989290086582 24.409906123236972
8.500835303620915 26.730740187936146
3.6876360507206734 13.806417632100842
4.711495258526804 15.564686828384447
6.122803143532311 14.779779685538763
8.695191738177684 24.62211773043606
33.45360154218382 22.92181867160777
30.78221785533519 19.86078903162429
8.322497059979188 26.001353086330532
8.035593117908697 27.220980645301978
6.559450887480358 26.154549914332055
3.0443011338464796 14.38470522452307
4.266295124547237 25.156426110408425
4.7006213455949455 12.011251132284123
30.73542925385425 20.43065057891461
31.288978805574658 21.539213023496924
1.7255608961897444 13.846379678349656
30.61632753111475 20.881002519083975
6.677059790496935 26.063187036197178
5.335753488600865 11.641731270500937
31.915915473688656 21.83999513977131
31.068404583031676 24.874114786580027
7.538862454054024 25.828780499190685
8.399842584931756 25.445875308042556
2.1922215433234227 14.834739446426855
31.218747557789882 22.286016985267164
34.408875465531224 22.535195356875406
3.7305071951608193 16.776639485879453
5.70947710180287 16.087121133870713
7.08637061114871 26.542715259460348
5.900026842971306 25.981881931353797
7.525453563072125 28.3460738574449
6.001841040953626 13.98729894737035
29.906264564367458 20.450973703258914
33.037147554008776 22.935540294936814
8.87242357304159 26.447111592061376
2.7302310925301483 15.692887200920524
4.848268319497949 13.809952925929005
6.036196794221051 22.83075826474326
5.689838603599455 15.38400674821007
5.740630103397174 12.808672999287037
6.6356438532570055 24.804169676705264
30.338213111329758 22.299251107250996
30.91586862026887 21.575235301271668
4.591862554152646 13.834314976333992
5.779734722780951 25.001928194956665
4.032931678805523 15.698564896286483
2.5670924008612426 12.259152647701644
2.14955183185857 13.646919223533297
31.529215297223917 19.304365348086947
6.629904112053825 26.792966206484607
2.9980876193720745 16.335453735388963
6.617099197331012 26.495364707067875
5.6170164854455935 14.26133456122702
6.161781711785016 15.914023251202767
5.940132886270909 26.57756847415056
4.716947800920952 16.172431252760838
5.7450493014905994 14.14620662503783
7.11714632459256 24.28545827504673
5.574201022876076 13.448492145946126
5.684199848292147 27.443219525755342
31.67852130842636 23.941451318554616
5.896414473670447 13.490950804270984
8.448941098510087 28.257502101253507
31.424037164363288 19.94388425866803
3.287169567508027 13.521743525037463
30.77839093287602 19.96861222303496
9.227830366764644 27.50604054950939
9.224868326757484 25.625730882115853
4.432269060925312 16.60776292393332
5.920449495432537 15.622361193845947
30.94052818078333 20.311864256683567
5.044703231247195 13.252619911393195
33.270097416868396 23.31186245453712
8.606747091915114 28.141274468213588
7.186620077328354 23.812067218217155
5.369603105706533 26.40233649830791
5.636355803630974 24.475396744138287
29.99652862005164 20.27957611835202
30.361153624026574 20.480332133001284
5.480386078322476 23.66636952325653
32.79907459283653 20.013889400061373
34.84029052539904 23.067238156240542
3.2487517608405065 11.540353409380643
31.62928037641909 19.283252709344573
6.172569370126134 27.322645522115522
7.492370773208277 27.399490381548176
6.966745757913063 15.458142321815535
7.639899405574211 26.369468319959356
4.530343076408678 26.28184670773273
31.72608520676214 22.223339951846818
3.195131870199481 14.485813321955211
7.705865832231628 29.037338735980885
8.587761418938006 25.26512177755182
1.5568437718669572 12.586632009363202
30.884346485492593 22.029807163453945
5.79299482585165 27.0738881314243
8.46999522752971 27.07036237764922
4.006677109975684 15.381651982895066
33.30499236471376 21.425965849455235
31.477010306500514 19.93930328557774
9.258120885387136 27.32141409763541
31.848629711696475 24.881064901030502
4.535410891068343 25.79136536961355
31.182713093242757 19.67218604262148
9.319741917795692 25.824946090142898
4.868495032872461 12.697136860604846
6.611143558618057 23.930045504684728
30.84324324201787 21.896584392437607
32.300430032989865 19.586707796158855
2.1791616281492354 13.392615661701099
6.114178040326149 24.24687298696438
31.46942115325534 19.893964173290257
31.30489726074639 23.4859053434478
4.837757894502814 10.780512100204229
1.3585644473330163 13.354696750678292
6.874516820452216 23.137290562310007
3.4343803430240056 16.079740488274297
34.79244898190093 23.39732073907605
3.3562309480448715 14.723542593807743
31.287675578436847 19.98880134207744
30.31737024671394 21.72609877683752
4.155712858631985 12.13701908866652
33.71380507168317 20.706409308763302
8.042036495987668 28.646318592894083
8.624998974059276 26.398388692322367
8.912723443660223 27.306588693828065
33.566037793482266 22.696520729228837
33.04208795671537 24.236845591668605
8.20765586165614 27.002919324152746
3.711572131358505 16.663371254022472
7.250331933923519 25.887162698884275
3.4929970135502346 13.706424052839644
8.249081356319357 25.017283855274226
32.220985509864114 23.348276130643654
5.732876201377739 27.47162355922893
6.890969984706201 27.680146470472135
34.45512211276971 21.868680774568542
5.129483716666056 26.44747646603837
1.9858091658359198 12.97586847004721
2.8910426012348402 14.54530691494656
32.08057339320604 24.27380059297003
3.5843966934188876 14.462167880408462
31.75725127491972 19.00807204099753
31.219637939097968 21.184194564467134
29.397285921743222 20.488059361738756
6.0602371091147536 25.93144887592093
5.57985596752599 26.530054731163407
32.42273994602951 22.791591754290618
8.314431124550861 28.18474412261192
2.4121457471670045 12.490166455218429
7.320455172508751 27.217196533638166
4.111404875994341 14.595944611079572
33.06378200948305 24.223451052336568
7.972300157786757 24.556365682451595
4.832715787809273 12.03326955193207
33.69132500820062 22.200979783418845
10.41358564126161 25.878715526251543
7.610138609333448 25.4477484638121
30.19244706726894 23.045251693839006
4.140426768334407 14.641348814298336
4.564794441568209 25.783202133456424
4.205096006822931 25.45015091745043
29.985854820068173 19.999841783994064
2.4191889123869847 15.10782212914332
31.354748460316177 25.011033850250573
2.504676750333263 12.037463776542062
5.051220156312496 14.92273843012518
3.0146631312348076 14.299313428155148
10.129739901490279 25.90708898912611
3.4175437995349105 11.703848673089997
6.282090302269223 25.653658421817894
3.3112731605130503 16.943177736708876
8.714563315249276 26.940196748846848
31.582567098754247 24.57647125891836
10.024845279973817 25.51900612278319
3.319506075799529 12.07572050836364
7.854051618215793 27.662871345333194
5.260570757717517 26.506091270943983
32.90591117021801 20.65666527490546
7.065463550838019 28.617331504673604
4.368504154154017 13.484025444734348
30.393775331287788 23.27844072449929
30.83182195132394 23.855651002629322
33.450265856694735 20.174036356083093
6.789238811226758 15.634402644750795
32.3270252651478 20.887090531163647
4.555331773995094 11.474045277140785
29.537673574934303 22.03801901845644
4.694356756992819 14.664086535689048
10.297334772459422 25.93463298990882
5.788654098133031 13.161540405738322
30.399332796021717 22.130123534346392
32.66197374991709 19.04170882068369
6.147299321163368 14.826739612917097
7.42038184562556 27.23432626345374
33.28757785241972 20.837703734233703
3.8968109273265674 15.536270583568506
31.78800992854328 21.98250551325609
34.483213458845896 22.04378311828895
32.07441191350378 23.68458820075301
8.729300706022729 24.49426821751215
31.924343800707273 25.088636325603417
2.278254017616706 12.333333793782966
32.38744797598625 24.72909151967281
5.906033003241634 14.300138218397194
3.7359506597830787 15.064323633320486
6.535654237742448 26.199149088184384
4.402128365884069 16.603629363221998
6.437253436709753 23.004804694606772
3.795753817153667 15.987275721132034
33.705649852442775 23.389844565574055
30.249848711011552 23.13194802117342
1.8498703046143294 13.068998697365151
6.7584976825717 25.195174109808004
32.50613340317011 19.597327643666915
5.918687189926709 23.90390124694099
3.141724588191609 12.152916676649934
5.341239186069933 24.516246452849632
10.226750295215354 26.23751954867764
4.6975233045728375 15.71404754551723
4.9330660347810085 14.171252322357416
8.216529502358226 26.057099173687224
32.24215457965031 20.285613422991815
8.204962475120592 27.84862719251204
6.833054217665855 26.92147441467689
5.0158559391998105 26.299698128561207
3.3256747358125622 16.409003414607266
1.4953633427884205 13.700624883741103
9.048539301025423 27.095798793800117
6.275799965817757 15.858873039824516
1.8029480894376535 14.38207448423755
32.35822725812109 20.61496581493691
3.7716319617468956 15.762470721280222
4.528148508145049 13.072691502586974
4.252133731700202 11.62608952375555
4.996587226019379 24.706759340220003
7.067822040381952 27.424973833996265
8.123595723357925 26.44141148795851
5.075264964461115 12.744177304677871
7.1892561509934945 24.33329929686137
8.276076691856018 26.352258433179607
2.156565325106521 13.531039196522906
33.32331288068034 20.65605013094733
3.6049911446094347 12.639472393149804
5.990616523887847 14.160298597832881
33.283310995936844 22.502955506639722
33.044400380266886 22.356129884537538
8.66224345691451 24.80458984436846
32.59234419668647 24.53742252362297
32.571315519410476 22.72292786367426
34.0110117467405 21.77207425862216
5.52531300090985 27.61110497657217
4.6076745706396975 12.516208875358917
2.1224787924200763 11.999832207170538
7.38732635443005 24.585106647468393
6.77348581486877 28.052399917822527
4.185775915809804 15.897448524244073
7.522383165096301 23.6970741319173
4.197732974137805 11.081692026388673
6.786756793426227 27.749570281051646
8.536894102376928 25.815547119332443
1.7287204881154152 13.651976758853879
9.60096115639082 26.210341415995007
6.948330072949371 14.971257283790905
5.086945192626363 25.158213889920933
2.3208275543067334 15.399325038348575
31.7223032392476 19.675381600518527
4.380105137719397 25.236353655162837
5.200824438445132 13.284885471212338
31.196550849646815 24.00847736396411
5.088344355519537 15.030349711383556
7.79507631584115 25.834716560857206
5.9332010476613375 15.147217503844457
6.602836560670962 15.007005023178557
4.88280438295243 15.385342674540597
6.394793136570746 26.866553503406436
7.912051879393184 25.809543571588254
32.41017160407291 21.875409562827887
6.9293597752360565 24.70729137433246
6.086703651703049 25.34539562397012
31.425514668375623 24.22847825034543
30.939947597253738 23.7195543149682
5.464786471074271 16.030380898473542
2.853942689389024 16.400581994635253
3.3183980225789727 11.774097363609428
5.768362092258647 25.521598451653944
5.744589152574411 13.193984610833757
4.852525554133779 10.954433668398611
2.5797035944578757 15.309183998039824
1.4600371721460919 12.546940423418377
31.800314739920946 19.397618661171116
4.46746903512899 13.728769306659851
6.657321938883175 25.445884670174518
2.688876493131196 15.29854988812731
1.747542602658947 13.935123827671122
32.615809102525525 19.03658874269081
31.280016191705318 24.793632494460034
3.1781366923715852 16.278938730567624
7.014445738064776 28.652627450802207
5.704268026755502 27.80653558861962
4.641395710031745 11.653675271180798
34.05826361304583 21.221453713618132
33.76990097550387 22.968717831136672
4.238643731411332 16.614657495154788
4.500682906435092 14.091991450206327
6.030506777318349 23.159539654918106
4.408293568887627 25.78803877860637
3.4796441736383144 16.63378093167859
4.726973978901697 13.902221033744391
3.601674526869012 17.069259107200253
33.137804762296156 19.522242931325668
2.910188237361753 12.351648672218495
10.185324810074611 26.30605784117525
32.22453108264594 20.834994171586104
5.310911339316611 13.037915312333388
8.139659170648155 26.65503305574435
4.079489277969826 14.74114133838109
6.162393375128743 27.61575029156782
7.3220504532920225 27.897747506940696
6.375285692936005 26.112069762820624
6.784106572056217 25.906717892670716
6.756514689352411 25.16024531269678
1.7445487136240891 14.436594170261095
8.219079182314713 28.344924404372012
31.68742165907923 22.204658229606217
7.800597988658399 28.322761481222486
6.946667015121607 27.062158465462407
5.169393584153274 14.2081005010516
31.755607477959956 19.826426011491705
0.9099117964160484 12.633678787900866
6.5224530052224665 27.33832994075102
2.523270456886402 12.612009900303983
5.438104162577041 16.020867776502737
31.293049059978102 25.257518919660775
3.549802914105209 12.8397845919419
7.867423793414752 28.84809609184091
4.42639573000075 24.856201178418576
29.510366160317172 21.36742495817447
3.2992307269863876 16.568842980459042
4.088834632940175 15.634121641459034
33.92919324432739 21.511746214075053
6.05402002929296 25.668143465579234
5.157180786377378 13.86654498735914
7.597246259652764 23.878857831205817
33.54389694287158 22.148129469060155
1.8799712733041622 14.240194227575214
9.659613205823762 25.828411278156246
30.640241817870457 22.06550409923128
5.896117289218069 24.8849318897039
30.56635121858727 23.89371817147025
3.9966432202620537 16.8155060277804
34.2287057058002 22.28228804568463
2.1737757197734875 13.750911506329807
8.872525316698274 27.299678255879307
8.949244327426593 24.787999621213388
2.9674295459926023 11.756813258800822
33.72888318498104 20.594780799220818
7.5916321400796125 24.824378976722375
6.410444712203749 26.597575116148864
6.135935114841114 26.879634002806526
29.787920998337448 21.140180616740892
8.132020345513137 25.54975883831616
32.98540809416535 20.75968146551226
33.75084304166318 23.430354083974674
31.420138765448428 21.213605377389566
5.404421834691144 15.125400681909646
5.204752205145702 11.790100017088719
4.569780109472933 14.087394151945084
5.470296697093962 14.475311652541924
32.06545156103672 21.389041463750537
2.811184710702286 14.803627940552976
32.04412892466476 23.196731494058785
6.879556132493845 26.535024257922164
5.809806862403801 26.24656404606687
7.746093548978976 25.236640649961874
31.37870084040639 19.87642141605715
6.112426903783795 22.777821291213648
33.43868821238054 23.806421366673106
5.972150221314968 13.6982049989086
5.846635893095833 16.152091869411716
7.289798878879529 24.522169603300895
30.116881153985307 21.488909450174166
32.126860216082115 23.28124015913222
31.233029652082028 21.09225654507785
5.9551896772625135 13.537536043367586
6.396018241461224 26.11946315246422
4.62356033289981 12.353032357846534
5.005961905957553 25.703873995585262
1.5704548137783725 12.202558660552912
3.875408318256163 13.663683752109895
33.248915558802715 20.510922199040603
5.557513656758324 12.599571465566086
31.57144021640331 19.981260518680095
9.573827294014615 27.038517733897727
2.795587574681065 11.533771002845846
32.09290178616963 20.76536993336244
7.789495502820559 25.977593757457647
32.79231613924648 19.525050072236677
30.964150782326996 21.961874104431374
4.048045977876798 14.25706173254545
8.535219735384047 27.489502262700903
7.4255684856168305 28.342799984578043
5.325824230025043 15.639092495578248
6.870511458025614 26.90556441805021
7.993759571098761 24.794257136883378
6.0586449401217255 26.97725539802507
6.618046028722814 27.32698493170975
1.6208873080000101 13.975501906229729
8.817140674383262 25.885074588383585
30.256408668119168 20.667996442996134
8.092104347087721 24.307794431763586
5.384798561452664 25.88641835677995
31.17326964748019 22.48599780414754
7.398078840162045 24.73172139864428
6.922165041211567 28.143041028095112
30.001962038127314 22.480643570183616
34.0362956310775 21.967670753560434
6.493381617205765 27.132399323231578
9.668439428649098 26.21720249743728
32.1470266631652 19.688185265448638
30.009652730736295 22.667399701520463
32.50217530971205 18.944862034090498
5.386615894625869 24.41905845837511
3.885932422780669 14.633842543532914
5.171222935589708 26.196601565488628
2.7324916438779576 15.668593200986091
32.045840238678 19.579782277791754
32.06219610191558 21.63129009755471
4.131081214247034 13.067651621402348
4.803820804123907 16.32674843058074
6.291449485959834 24.197009216584124
4.166611839633023 15.654853098890062
30.448305051069795 23.422311448892128
32.61681300472506 23.45181860550879
32.63908103364047 18.696348589559534
4.643678472895988 16.43845692105488
8.446805496748219 27.034343502158563
30.11080782864668 20.132303146969363
8.74935708931796 25.635788487434795
5.088371434920479 16.303330542833724
32.10812179431981 24.21426878707848
31.072211112893907 19.725768050266574
9.396372988434731 25.4910709563264
3.6718561816266915 15.406740609235184
4.632954496435022 13.61401006554578
1.9889952621877258 14.707849770889565
33.18708146694805 23.83309469922507
4.141689964805707 11.99555831708906
31.650347095814794 21.842889958580685
5.050157148980695 13.175182429858273
5.224731373948671 13.658751903673975
4.579380080119106 11.405935004884057
6.615841712404888 23.79286437068129
3.2922365348587945 13.383791191150339
8.28937943382476 28.61630233291552
32.82385995423402 24.074596088014573
29.913860433141828 22.308376743621697
5.536364669214624 13.691782073582536
32.37918254656739 18.76364629785431
4.829613262689817 10.625716670805808
32.11769551306009 21.2493832743421
4.887198056201507 15.903846319698243
5.229912526439075 12.280962038549262
4.358702421470259 16.19413067238132
2.8150736685734157 12.475001283342774
9.233766617001578 27.114188995059408
5.63789032367524 14.281666605868933
4.721576012067532 26.605756183960466
30.505355264241203 23.50466966047301
2.564580126847233 12.622827263044734
5.3908376883136055 23.715312104039405
31.68928736930119 22.20182139172055
5.5258043928763785 24.915571293210895
4.761978652395168 25.163524050452065
2.604500066722341 13.765770069375186
6.478603764756172 23.384628593994222
5.282410872548307 11.962967519118571
6.206807679451103 24.963738330388484
5.476480886974617 13.793830294922493
8.659292312036818 25.337576334330922
34.636177543925065 23.20668956364658
2.953686920746776 11.838790861614159
32.184505451769226 22.131004866484083
30.24448900860152 21.203677572354902
4.891388379067744 12.432090599937176
6.6454028930740465 23.053134063826278
6.502385843316001 24.686162568073613
31.52842810628196 24.746362549075773
2.0875196779821525 12.265206105596553
32.774549631118724 19.30324313414273
5.469079699040252 15.032473239557302
6.883936851474285 28.213769870644462
31.216386568766204 23.808098709358198
5.206944925581928 13.967157759962506
3.8001290769808183 13.01719679953623
33.38539808126877 20.233744302415584
31.16661455017276 19.541985093665126
31.139975110073145 22.443814917630615
3.900942417482646 13.27907669780808
29.650876244269053 21.539229641688394
30.699863779799657 22.23011616249854
9.512565241035354 26.65830378032195
32.28729792293753 21.79017577595025
2.2765577238295274 15.450426090120104
32.63897715402871 22.02206183855721
6.159735716926124 27.09436278589495
4.767711090167784 15.519242313191574
2.995015591476324 15.216712483873719
6.023228391571807 26.434280255528456
5.764343079161948 24.20620049784576
7.68888575498783 28.186792265344003
5.7387497275525625 26.103087314455017
6.4448098361685116 14.454778475739419
30.71741261995166 22.894207240051077
32.009507463947294 21.206072761911013
5.68413493137222 27.332560011562805
1.8543119296925692 12.326749643950222
3.874842161769494 26.477129006162187
3.667056981985998 12.646151185688334
3.553113873853196 17.221145092438206
8.624103468601929 27.038558860101404
4.098291337316283 11.80402782305438
9.036875092917917 27.126489428611013
6.4732796129484935 27.445559438031683
1.6281234350383986 12.23366957041211
34.5849614885085 23.020329801600425
30.827810131906737 20.996317482268886
2.3862638489299997 12.70150716203456
6.024517251543223 26.77759796129386
3.2735268905991495 16.960364744809784
3.8803434336691174 17.065138444046497
5.828338870762393 13.325829417530493
4.625277858335458 12.714979721274078
6.273112966272786 28.25111672587435
5.2461430735090095 12.022196967957882
6.1605611445515915 23.857039014087952
6.665691127781207 15.301106087183058
0.9713517374193925 12.814558405460792
10.026495812826049 25.928990792798032
6.287185737471758 25.066216470368204
6.8776361388987075 26.50064842621906
6.807806803775066 28.251053701506912
31.297019089084795 19.91422242918558
6.34862641896611 15.630389674277765
2.5719409305521204 13.46420124215228
1.577467889944716 12.184591377843223
1.9604130523274925 13.721371350029733
5.88979278586108 24.482755959774682
7.044299240994185 26.364332412170196
30.754652241149866 20.217274902606054
6.174526278386182 25.2933599192833
5.0559621207173056 14.532807876550603
33.0124850586066 19.29496081496427
7.045303332690281 23.258238118789148
4.050307617745085 13.416093484011213
4.8735241294611455 16.181538439102958
7.19528655601274 23.675762458792068
7.9725662454789745 26.011448569854466
3.9061586172154263 11.19733490175634
31.44329182709436 22.111753741122353
33.38983558528974 24.223716156816508
8.677705913710685 26.424138106372762
7.72772951578539 27.498402718331526
5.1986638092526025 24.676665722854057
32.363034298773066 20.110372752807052
6.176715365498497 27.085011473047896
33.17161768379309 20.678962245393098
32.07016920280161 19.96409538813421
3.20678255782743 17.30790372804894
6.785446146414882 23.629178653424457
31.299191044124985 22.579628820964405
30.26231495650332 22.999370774746023
3.977363205061682 14.288314654169
4.4747399413762885 26.714790153153228
30.278966803665647 22.655006489602066
8.652702176536902 26.935045041338334
33.92995534065497 23.361070622942616
2.8994148967659337 13.13622732976476
32.5849583699138 23.63295037221675
3.9799061290091204 12.510202066181602
6.594500415723679 26.16988644977839
6.639475764049164 28.264686240313715
7.103047643903377 27.319914455090085
30.396056467855242 22.150669247288874
3.4164468921619364 16.58421189433049
4.800840858178606 11.687033470885488
5.284861412241067 16.259842148574844
7.09248130643424 15.30919028860938
30.765380523334496 23.84001370218895
3.716684489417252 16.460738546873966
5.17360077077421 13.793556169558075
32.45825606579598 21.689841245415696
9.398893060475498 26.384114869411825
6.914110099358934 25.338989991129086
33.369362599439704 23.911856768242984
33.26644675758079 21.421440933057124
6.861829372103384 27.316744307396675
4.259165689475349 14.242873977861926
3.2867990905285196 11.63991416742546
3.0570771135216903 15.704664380229232
31.904373930545237 23.00280838478664
34.14217600742541 23.202669775486168
6.476624528290517 14.055156435459816
8.810535008082853 25.062380119379913
5.859237975307984 23.740462757836276
7.864387675522373 24.635810961306394
7.173061035100003 28.39301637449072
3.0987680763034406 14.333981304887324
6.516827025396244 24.012866467065106
29.48080975488323 21.84135472619349
30.609876058021282 22.98345727653993
7.310691674455623 26.352284056624075
1.6559745345199808 13.83351799887379
2.861838362157362 12.229567905202885
6.316342041870744 14.107485300639688
6.827171976737656 14.939565066825512
7.74462543298869 27.31816261435466
7.900321097772295 25.666186099499864
30.899699169813623 22.96818966660447
1.7193668244413502 13.560700287813036
5.467712801592156 16.185581223480916
8.289926292233341 26.995399363183438
5.514454505713083 15.830476701787168
5.314228044271811 26.3930439758884
3.186980900771328 13.187177801601834
7.2819886009481545 28.214205406056415
6.8185975164972845 26.814585345597646
6.545348970539774 25.47707377694637
33.995820072533846 21.568191599409705
7.627582066233621 26.266331353679643
30.356203085714306 22.824621942937025
3.95265479627959 13.167813758856445
7.6007644861236745 26.415684973393542
30.95104340293922 21.57240199869926
3.4573652933497203 14.466060267108263
10.03245614984619 25.481625760732957
6.694759128607625 15.183620826773282
5.774567898037381 26.542424006757546
10.136227047304027 25.84347219155201
5.7117450893632356 27.29106286063177
29.96660446761669 21.2836024478822
5.3863099406915005 12.123295754224765
3.6169502692303466 11.948834555043897
1.620737429223238 13.818013885254384
8.912703087469058 25.33637643529892
9.353771639580156 25.694150745817986
34.1250840612553 23.268470228081334
9.318933098650007 26.462878091585157
4.607704629441282 13.106269657168903
30.892827364403956 20.731870961165086
32.99260293625398 21.815152267118528
30.432885413640033 22.468764724388258
4.6235408294799525 12.04287902942034
33.49643787363622 20.98809399570351
2.3966829953754 11.761050052486226
6.709112065038517 28.50224120395753
31.54507741239757 20.84847890690706
31.722553053223912 19.867909375806438
5.903941947713932 26.588465586741226
4.614522146580261 13.789009236016101
30.703177221225687 23.11779920981094
7.067211123383782 15.514964089542374
5.204887785504572 24.55103774058346
4.640958814197733 26.214080283679177
32.89818846249323 22.55916160390788
9.090862507519503 26.563211891207878
4.983715936292004 14.532345079961726
6.394967286298279 25.43909000482855
4.992054859421959 25.742306041401523
6.331032437278062 25.423148027201833
32.23401329106681 23.46238640739062
1.4527645769933866 13.630343191060613
3.703175157287257 14.181726048303693
3.047922010630824 15.529816322992833
2.20666426583976 14.802143347610887
29.73351600038167 21.310033124022738
5.237225910683181 16.350392563093934
31.840420930112547 22.85031200327154
7.791597225905794 26.7814541253021
33.07663843606064 19.97323532105069
3.7817213383946777 12.50392555278798
5.644183132664505 13.887170813006191
9.145674309481915 25.89582992846003
33.46519802256309 22.993931805210874
30.256758699957096 21.091222668081002
32.71516673864975 19.622896014816373
31.652517033566383 21.623298581036394
9.281716337431632 26.320861738084346
3.031129953021329 15.999141044788221
30.40934511976584 20.385147409075937
6.106423448209143 13.431754636020496
4.861275369572377 25.8803299130834
32.558408567696375 19.4243837713962
30.228622640957074 22.45127846403952
3.800562482388985 15.043303596507483
5.403384320478095 15.314603727863611
9.022185592675271 26.476747294283626
31.14073689540354 23.80607652800483
2.8658845958379744 12.149468060065356
4.181626190388956 12.042374645846063
4.443793372415497 13.936790441380415
7.628240257852296 24.425488382000673
4.481164364392713 16.23651887157646
33.03390360523205 24.3657940994065
2.7292595338862347 13.111850112994391
31.304342873181994 22.540479589877172
6.8466479625705645 24.348137397325313
8.470963360362463 24.30124691842204
30.78776159119347 21.465087717997786
5.553014028200881 14.159623423407638
8.298003580543863 26.75236068473224
5.25164934096783 11.463383481261928
2.6800787051601493 13.884915402325129
30.628097797858572 23.335612105351984
33.213839882900736 24.30612578357362
5.217240645214199 27.446361333845708
31.553468562248085 22.680749682616785
5.4783585939586885 26.122048662500436
31.584445675370034 23.674883280563055
7.081013722906573 24.919805029761118
30.575469038023435 22.25539087911784
31.71335832934225 22.598494375265048
1.0922229661219962 12.537614199147784
3.6189607515182374 13.027410799883812
6.011721616066133 23.057301861162127
30.86844863905276 21.326301563316065
4.064202054641131 11.174933046694612
33.0730304108198 21.89062073225355
6.3858251106817185 14.809733677199505
33.936841079647415 21.08105091017243
9.011741851372092 27.43563698314892
1.4988667890251444 12.267859687006483
5.2875078944258345 13.586525603150115
9.222429360420934 27.610178123580262
7.402946933160475 28.261569005379904
2.6113749654826615 14.302597825703007
3.7556418067274775 11.366458693920261
9.93662448973604 25.869642459788224
34.0613034832182 23.398500244321795
5.326431528539028 13.321910041207255
3.4438919989393852 12.815690703245261
32.92256208715487 23.415511430232996
6.768876477265071 24.777473864402538
32.91206581533342 24.539895950328503
6.92350701798991 15.526648968187057
3.5024044978383637 14.249111925867288
6.524963378056931 26.19039640976896
4.98548496742775 26.732588629902114
8.119480597567208 27.487678490257004
32.26366149879999 18.77833753778371
32.994500227059 19.676364622285554
5.79757629560466 26.892231639421137
6.903338330652608 23.856168601035957
2.8029985711232346 14.826713792022149
32.79198780237224 24.658027351052667
4.878063615497952 24.980617422174088
2.749673967108861 14.85342712574709
6.221997596172005 24.90867896692653
3.6278511877878645 11.20953594200866
5.4335328215549 24.90333120461542
5.211488760992879 15.274987110890043
6.3653530525610815 24.382326393245314
7.089463101968257 27.538115162098276
2.1634392186232483 12.811108404792567
7.982424510172023 25.814206660014353
5.794487274114244 27.002336265564406
30.78258077095961 23.28944660931623
7.569283249206427 26.10193624508172
29.74155733834007 21.81357880723111
2.3049360582927547 12.426747423484404
4.5485753000267 11.98180145037546
8.347943066281882 28.10292966267681
4.563399866963908 12.382560025019005
3.632345766979915 16.391562396107087
31.801139807806983 24.63658805967227
6.715425822544266 27.840385506531284
2.4826254841011854 14.039821992715789
1.4179026696277401 12.9109631920439
2.6226985009292396 12.171968707909643
8.671997167162097 25.70402544924868
9.913444743374331 25.51553921340459
8.410394606045605 25.796277816687994
5.519695024902538 15.07292610582099
30.747992277034896 23.15618978711866
5.032897315833109 25.612652925760266
32.943836224567015 24.44641605341056
3.7982705847096137 13.491642534830588
3.867808489871503 15.684400267957248
5.7515019611468565 25.750553707635525
33.98781925161507 22.07434943087354
3.1118115123422982 16.659585871456038
32.45959853429632 20.03655263233342
4.819798022814143 25.157584543831536
32.27364094141176 22.77353116088358
8.672480792763546 24.628248755206815
8.419727334914962 26.10328426197409
7.1876732333464854 23.369653643807094
3.9835207048149237 15.431624003207324
4.445196140511185 12.308308592868958
8.694654882962546 24.844402527474408
7.701040099558523 27.72767469273163
3.115660339999918 15.425186882287719
2.4336550602013665 13.935760220880802
4.4775929021992305 14.939753506320521
5.261759412006738 13.981981137597915
4.2079552781051035 11.061516001234605
7.4737925294001215 28.24759256475124
9.927229899057616 25.495915194412593
6.541608690401423 26.92069499853744
32.34929277333979 20.501772145843834
32.39681947627966 19.799309369281474
8.229302618550582 24.486428085854467
4.681004348476068 10.612412898268824
6.814223562642271 24.66725388969565
7.515293575304716 23.76887705189735
3.294144154355024 13.785178128439128
32.697832322793595 20.26040399852808
7.845936000273757 26.75997637754487
2.858447770687869 14.370548564795838
4.47309588816852 26.432574022048872
30.5399334865276 23.14903274249506
3.472056351843836 16.236193101493726
1.8377890223737072 13.444185088272267
4.530403880231901 11.971591291154933
31.198530193716127 23.84090249267315
6.88064652993484 26.262613136148428
8.984639787304413 25.412689452989817
2.7024326918297055 16.272179823264715
32.52680603588663 23.82130991820917
32.40105672944975 21.613721418736887
6.78307519630847 23.477828400071804
4.145314031212643 11.070235240886353
3.032110838054017 12.154106805292468
32.084685003928435 19.022216738078814
3.4314968059681226 13.089311438006286
5.347590525539529 25.164643446606878
1.0284218707523278 12.423887945225093
3.35058507753533 14.631905958151474
5.552672331015263 24.70043045371663
2.7006677180891856 16.373106735256968
7.568851541965275 26.68758663304325
7.570958733361672 24.954611580970223
30.771669715075134 20.5727764933106
6.737253663328167 26.602760899214896
8.536036529370943 27.001179068933183
2.4033593032973104 11.867260620705267
31.396508930298307 21.453421935519934
6.1646419079694565 24.348738508082178
2.677515522062203 16.244196039735385
3.874013109486474 13.271470649212873
4.179943813496261 14.632653926313578
1.2656179877077531 13.536213496632595
5.542162406809101 26.78162262637078
4.572058508785079 13.246382058354989
4.815008389263455 11.328707345439463
4.557157341033919 16.17186181454959
5.615515437353169 27.13207521351435
1.6399728099186701 13.91821885145309
3.159350892822797 15.40490803118093
7.81461307782498 27.77657259178193
7.565894314904194 24.913203347946137
8.054257767832258 27.624405141551527
3.7689706522294757 26.051129634484784
2.494066119747155 13.527096313749961
4.466910749295711 14.107911955323416
32.39164815902677 18.97802354030257
6.338709156217396 28.01368822124614
29.196184693524 21.164752908990803
4.494329736918512 10.917505078298472
4.673285713265076 12.591645031890717
3.2942175152713595 12.806514208549578
4.275992722708773 25.80477744816335
5.358286230681427 14.798408330775143
4.652554235254991 15.720353718797822
6.4237946794231 15.458855018531256
4.4319472322633695 14.797799545027146
3.532626218477234 16.06566269752001
8.061757283671113 27.30807265545768
4.141729308247595 15.417222769799126
9.853653412333905 26.44777647477186
9.096597525362425 25.37318053932218
4.78387880237395 11.047570337809097
29.511048721182394 21.534217190996525
6.209338695720937 26.749591049326522
1.1694998124211802 12.448966410026113
31.29626771841247 23.433005495874617
32.250294801495926 21.463700877108515
4.167773016652753 14.217089319449864
4.640935695630844 12.5054736870165
34.02056124074903 23.91739627406143
4.911305209110655 24.2352337656351
8.72311033519032 25.22359209666566
4.780285561812509 26.53192674674496
33.06213001620719 21.443285860715033
3.7719069963193532 15.436669753294964
32.35174000332494 18.69793645967526
2.451103358819921 13.238033875032874
6.091949001271986 26.70917127059316
31.721827717334527 23.186481453022655
32.39133977405616 19.202916968360675
2.4424581657557374 14.937224705178082
2.291080635813066 12.554227011446688
4.009209403990051 12.67312263013545
34.84808763913909 23.03254310916118
5.064664828164354 13.20663695081488
5.031293200870694 13.167683934869192
3.6544390068915265 16.469286425186887
29.824253967680562 22.621917033557143
33.34604528972097 23.22801596407616
5.142379970958977 25.25392466107179
2.403335640479268 14.742386768998841
3.6785664876991797 17.02446882228974
2.5774370585421176 14.897921824086916
4.45650031880632 26.381091160698443
32.42177411536892 19.979692720379685
32.173571729300726 24.815583334279125
7.178007192854139 27.011406310340146
8.392616340002778 27.33163332619886
5.301846505615968 11.795624878898481
5.152436573821809 25.51826498700785
8.688361513163702 25.209517971695128
33.440259502528605 23.518587698984547
4.98686027452179 27.11934257210158
5.380285333595966 27.398506037086694
1.305930752490756 12.971319613475965
32.82525415866257 21.72540885918368
31.496076107840896 20.199322563729286
31.58555081629494 20.250530211929966
5.2509338757064326 12.747868507263343
32.56675870193023 21.856201676964254
8.708226648416407 25.932285367906093
30.861051409022224 20.411166165618198
33.288935157150895 22.123412629694368
3.7060086795481313 12.56418451273798
4.579773512896281 14.226369115591083
34.406438025173635 23.673588302690426
31.032429344099118 22.788021201387053
6.414445203323562 25.64482251445999
2.048979775916097 13.468717325987917
8.174991330577702 24.19599881485926
4.5373405247095 16.678033051026645
5.552679958232992 27.49537217899821
5.809916157600635 25.713472201589774
31.11024908840978 21.847253653655873
4.965081495910233 24.61102045891447
7.295364232212864 24.283965970500084
3.786628684968859 11.517633350206067
4.858098454541533 13.612754837258866
2.1028411769647537 14.967459666161139
32.57729859050356 24.136304847414333
33.9550145277149 22.896340129073785
5.974439746537085 14.736640681505317
3.4614674485201777 17.13742842676435
3.649189360055999 14.433243533253219
31.679655765630784 22.878113137370647
4.863137816401134 25.66072704513094
4.14241409067272 15.809856359105408
5.880902229651586 23.61238455596041
3.639493866912182 12.522117670166711
3.3993443533034724 13.353512738800939
30.566947210227962 22.926047924735762
33.10013104763133 21.623284478905607
4.060420051751747 11.159276852692253
31.896911222210484 21.815679268725905
2.865019707027152 14.444602238078103
2.3957539064562017 13.526532500241714
31.915443626872186 23.017703369947817
7.562197321751495 28.2912337890522
5.649388176966436 23.77479398540503
6.491274674575235 26.14659921455338
33.63128304938921 23.757356229987213
6.216490925737401 27.26763816813935
4.867607807450325 12.573220297998954
32.13043544565872 23.179933068582052
7.2993852978733065 23.526553392421526
6.095781589566184 27.964648472261285
5.714376945419983 27.40943380311046
33.58208885701849 22.097397410803627
34.23374335769079 23.542912865835365
32.83266564348982 21.6764113058759
3.4136633901005426 14.122908478978292
31.92207298842352 20.00550292230246
31.976311227853834 19.874537187362748
4.455963540284372 15.184747642437967
7.66034115791393 24.390373764409055
33.78497056038118 23.344580165263082
4.664298847639424 15.176974575464325
5.863720082635261 24.563005055520314
33.81029309341907 22.028814651635614
6.277141439409559 26.472995125329884
4.3796374789704355 10.969497699280438
3.608071019869945 12.18067859784078
9.939650577964581 25.871751272212588
3.594079430711002 13.13860865586992
30.78092415802816 22.18634032029488
8.753077861063955 28.201010721031107
31.791165363246243 19.784020000369424
5.4052788926388216 24.109907453284645
32.923366230538385 22.154724629135835
6.695172301458114 24.587527086454834
31.8848353115864 24.287464664100334
5.427310309251634 27.103408007636332
6.513834544437869 26.68488923736078
4.109310285561411 16.08840786501281
34.13070098810335 22.392712870851923
7.620096124048628 27.871415826576325
30.71594446072767 21.367051009760484
31.543621278317996 19.51640748993754
2.8905352542863327 12.161139862734052
4.69151267063188 13.987905094838041
6.296664132122687 25.65987922451954
5.621567836975765 16.14409390975145
5.240007715976118 12.841386143904906
9.517013209210928 26.804684828382786
6.7814022426199365 28.07268901459387
5.99256122129042 26.983747673003986
7.816918502243935 28.27000445729882
29.18111074442196 20.74508814631442
5.887583648119227 23.846309950274087
5.7310692794993905 13.805024145907124
8.536963586606701 24.548914470786716
32.968222272323054 23.521791371090032
31.522626626034555 19.683916292889133
5.275230898781569 27.089210855554565
33.16587965249695 22.362294657222414
8.141980048798 27.843289774827408
33.1110018748618 23.359812168176397
5.8746485206240635 15.530892707012942
6.791455317450836 15.163480894994372
34.89485540648693 23.42923742424563
5.4025655446818845 11.908587286422236
34.636813261892584 22.398303815890863
6.065525752288411 14.926840303773268
6.1914271169577315 15.98233328847937
6.765806919483416 15.374066928565819
3.452109528273181 16.49676177171652
4.669112451322727 12.94610503534607
4.234007509454349 25.315493702504366
8.81007806226754 24.78789073627447
7.069617198566468 25.043560337194236
29.603287137984545 22.16400653481605
1.7023954123593201 12.129486277659716
1.2359877706133116 13.234755357210203
4.797393790262991 10.804273672516569
6.752326133797573 24.00728567260589
7.372186941344365 23.82284555445792
32.09287429452881 21.80126370717895
3.735983441795336 16.40790652036448
8.202487302920252 28.245087387334937
2.2642628165556173 14.520097428711816
32.92359555637795 22.313015625633078
29.797417833027858 21.89738292068075
3.523074246366168 15.693603557578479
9.114983325996414 26.349639462097738
6.846704123923774 15.413225559995151
4.697796572622767 10.765909823963554
3.866003182654714 14.04522232785726
33.34158272441659 19.85183329599534
9.321514885551228 25.210690863228304
6.534925043809457 28.263972259001207
30.38698722407768 20.50392271825314
6.819080806231608 27.18054497833011
8.056474230647522 24.125627975116338
32.1240520241814 21.801178616649203
2.243706667752091 12.450324442705067
33.54653088447591 22.40079104981127
31.2955663869669 23.54120687652241
6.239703075089225 15.62138776279425
2.7889920966591317 12.005511536144766
3.2123792900858827 17.140946868945914
31.49236383580276 24.35623282954638
6.423251509885764 15.832297181714699
30.854532236892087 20.44526705279521
31.049383885738738 20.58769365045684
33.62995897690511 22.32715760790608
33.3450988421318 23.045289695350142
31.848194678746246 19.93175207686958
8.97011997924411 24.81890979930641
6.0593577072342315 13.679080056862308
32.017333069817596 24.93515671053687
8.267004085414262 24.80976358937718
5.293880731445769 24.461081856505984
34.18831673007039 23.491833570823292
6.1527530004387945 23.150973997010038
33.929788207951084 22.786638632529037
6.333264866190504 15.3717137296222
33.52865366348586 21.184250372101456
6.754222574799395 27.446542715490406
29.882019387845975 21.347735174181537
5.765077642307319 14.444919147899604
5.7162168311543935 13.392439654081187
3.7754040553209895 12.174256674661708
31.586331012975695 19.11121022972531
6.894376388109928 28.26007590983176
5.406535875085874 25.75537042009664
32.72985083540911 20.961785209107674
7.895277102932787 28.706348932783563
3.7409717041483397 14.548079877410856
8.229782055430766 28.05954786030448
6.186272897753787 14.243612812680214
8.474489858391482 26.83554171925368
2.7077726956931443 11.644742043553928
8.71534337134302 25.032329770691124
6.240719764614568 23.266896959155
2.2299494427265225 13.579718510710878
6.674474505072337 26.5701467774093
6.050759310407163 27.477693875565514
1.466270939061591 12.354583025667212
1.7255591888573174 12.774217419641896
31.63414409556085 23.772447821557293
6.563039410627539 14.944587679027476
4.59845377298674 11.75344695446149
5.320719730173909 15.182360488503193
31.04568237505905 20.58545959421425
32.67864039239806 21.69418359454095
9.042036529421743 26.23169106326789
8.275076090424234 28.138231763279244
34.89085293763182 22.70082285898318
3.294958740318644 13.410957985130343
34.82808550687758 22.821385245805992
6.9748701195067495 24.065843420353588
5.605098011796613 23.403447864656265
7.418548524437896 23.713334837315795
32.60112576474461 20.448258795706924
8.441039923139954 26.396416370343744
8.927196072129622 27.720610919181862
2.6393115170720334 15.559624456817119
9.730459495753605 26.11965944129269
1.5482587518700037 13.975111723510743
32.00453339477812 24.056474234724803
3.2696830599026194 15.86142987952599
6.56652815902904 26.275572606756235
3.8949262887748013 12.513743300455056
30.996022459328305 23.52296338307623
33.200219961711 19.613317397476195
33.38522196876515 21.660183375659177
32.783839530600616 21.888053793254475
30.004615236996283 20.674021939011574
9.30359323143296 27.261075803386365
5.396247985281047 26.703623868209668
7.183015420817201 24.1972622977304
6.089557431131666 23.837370251710585
30.832608418750198 22.033076490818186
6.884988993037069 28.578319192252874
6.6776045662541375 23.68530092827018
31.457739196623017 25.120503745627015
6.546053951901693 27.9921328714231
8.379024985286195 27.265058411060217
4.2935209270375 15.861261406097329
34.032749768563484 22.756981654717915
2.2771168294493007 13.85768089100979
4.149007217611324 12.408122286898925
4.137978362753277 13.381258681399277
4.422447509414594 11.932169094436714
3.7579413602947858 16.815875377872395
6.618459221518163 26.984873503548613
9.1807827366887 25.510299930270346
33.93645166039239 21.58776489497145
32.802533331941014 20.206819907020932
33.81858654513623 23.578291405316367
34.37708747767191 22.404560097933143
6.880614289133652 27.846371536999477
32.531359381634154 20.712816064425958
30.00663504518094 20.72795555738609
33.175016990109974 20.377385859115673
30.848163512332867 19.653530757156727
5.434071608677248 27.106190008303887
5.819201896642593 24.46472301049932
6.955361421140739 23.46122147920608
2.918310416943017 16.0783245110838
5.299366930465245 23.879243453105893
31.549093948318593 20.0573036568111
3.920200545390524 16.408545758302758
6.698085493461813 26.658225701746417
31.85821235556319 23.766075833587532
2.1314291542950174 12.677452513597206
29.43735453986565 21.050522849178282
3.1993692861011387 14.831520007088141
5.3939255651652855 15.038926967754268
6.976060726196505 25.79614364061279
2.10074195462563 12.277170168878191
5.503797166947136 13.258138393040888
7.50775098065844 28.10122741554675
5.482908007602845 14.490875552955321
2.657525423289252 14.2344136469292
5.5016674013677935 25.635429456129202
29.85831560611321 21.378183038470986
6.913949220366407 23.275239992546705
3.8308939036221443 12.607875177673783
7.843918013470619 28.90167891372502
3.442929610591258 14.966203396220301
6.562050786683853 14.677074782354708
3.5056465944956234 16.823662834541814
2.76638309228612 16.289494768419996
7.383038745749267 26.835885080598008
1.7480229602120332 13.186475322669715
3.2901965897329224 11.887941612500189
5.554371115936981 14.298075185574577
5.653137466799408 24.78894399112599
5.975568571942871 27.472406816586695
1.6874853136891113 12.274282741326694
32.72648388848434 23.034856173054166
31.766692279084353 21.145057537977625
8.469599418470692 26.81298572476627
6.350997635582849 25.810425287123692
30.987994675510688 21.981472221972588
4.104933748728447 11.045230708009065
1.01393702355207 12.76505960545478
5.867727756180749 23.682733712348945
2.520850422663196 12.996249947348968
33.80174406204573 21.372050701236216
5.045100353050035 26.14005419844487
5.501356171020266 12.051680759519451
33.67163731336495 24.095554436059057
4.531247460108573 15.94851659994446
2.971046253488786 14.554804178116564
4.589757264973284 14.093367613242165
2.2069215042174632 13.452697834180876
29.49059805181006 20.32411945274186
7.816749280745677 27.92403693423495
8.467297227097415 24.36114060764388
4.921268302037391 11.041259786078657
3.5631964647965106 16.757653410334598
2.5951835850525713 14.829421006124152
33.63342124555884 20.316206099533233
6.985286532054166 15.111771712549285
30.9778884160882 20.528139871628895
2.827777623458248 11.599945695064118
5.925040273984982 23.90781888415503
32.79387317396086 24.267130884820588
7.308321201490025 23.758812969206897
9.37383831275128 27.220030624108283
32.068146550401366 23.39170614539737
3.052400288971837 16.358422424980247
31.801841318018482 23.671300891634665
4.726205197271543 16.608313504447743
6.781100386055762 27.445358669536684
2.6296558638204304 14.332002071442378
7.367260701162777 24.081837475394423
8.055640744867642 28.428788966929993
33.471734546913716 21.65203732837898
34.589282122158714 22.63167609359326
7.91925166867236 24.65519472526397
6.23944359421048 27.040443296599804
1.4997969153885164 12.957397610422795
31.747337490751246 19.675671919105728
4.987498409181721 12.657034453180632
9.545707287198937 26.430767988853365
4.8975468876163735 25.42417881419176
5.545748583848184 23.529765745214807
5.747754063793685 24.972079744287765
33.1274235643528 21.578511073590082
5.653140778073806 13.869215623564154
31.27084008998214 20.814506662681485
4.773715944478659 15.97572409701928
4.416198736202211 12.360623440357564
6.162620947902752 27.937347138537703
9.54792319905253 26.639773189981796
4.393620937051876 15.257640285414217
2.2454860576760627 14.09990864645735
1.2607364959538616 12.674726505800885
32.49234294639115 22.549350066468136
32.42976456844689 19.872547480591216
8.89312665133176 26.883952945972812
4.2224850467541355 11.38918206174676
33.032727100037675 21.265236135842763
6.911872091754717 24.945174495974765
7.199374826228809 23.55183457211303
5.956561693280167 26.159042046547878
8.68142180792014 25.553523738965293
5.851699343423837 23.99359481148002
31.510646319614835 23.724530459621214
4.736290327312146 12.89901448877611
6.268881015396045 14.98588755648788
6.5853458368244455 25.289416446024532
7.381209790077304 23.58309895740344
9.081028347762853 26.07633515040311
7.483501235272139 24.928015822932593
3.8748940741220057 12.243151073153033
1.908839118576946 14.337424319160231
10.153923332917795 25.760180298539144
4.133203807690473 25.35312244245509
5.758953842804241 13.619596646392345
3.018922192835561 14.348934993027303
4.753036977167948 15.809243823286344
5.851126288633965 24.908698018221894
7.7986727853592965 27.889991364954774
2.081264306917336 12.964580755529207
4.3469386252348485 26.342873528340036
2.6011394170503284 15.562635718406547
30.528898457241517 23.392622802275397
6.385860979499781 24.581173237191717
6.444258345653441 14.696275658064971
31.7407152002999 22.93582263736197
2.9986459137322035 12.977847541945538
6.813742094957285 23.576598765649955
5.578586409610661 25.115871953350585
2.385839360989182 13.798217787003168
32.491663547066715 18.695589257707738
31.492294309239234 22.089999578537558
6.479422198090138 23.777768903031447
7.405111842887219 25.171598098523358
1.8790374658017281 13.911908037624606
5.182434104811103 27.03872051406243
31.87851193302732 21.503643533700565
30.76176617635055 21.54424017495884
30.545825305835937 22.479402978154784
9.080978919024465 26.41446220093402
30.355606770718115 20.22291477421749
31.402559572657065 23.186884175469984
5.466978995641858 15.638632128226355
8.273033673068904 25.477421419220104
9.443272323223646 26.11766892949773
4.116151764502195 25.699258921255364
5.803284514409526 14.87818050248032
3.204077272971161 15.175590868781294
32.46641227728373 23.465738995879757
31.597058870544615 22.82539913432982
32.18214843453506 20.711792254990584
5.535140231463654 26.516664658995683
6.5338709223849545 15.704556705497538
30.471416623277563 20.87900955457475
30.442419820190842 23.428893941022388
8.062444882689151 25.680486810472413
29.21840666975197 20.806799736804887
31.24054457958598 21.98997237974609
32.73051343019352 21.286402153134617
3.0078267844422095 14.184778439439734
4.775794316008138 12.613987592728513
2.6713856354593233 13.441445849955558
29.972882294721927 22.309692459851245
32.43503257794775 23.237999047898064
9.393961523438087 26.516886166720738
9.234450165707042 26.861723472679383
6.3076295691266475 15.139629729505096
3.6460329411912995 14.333378365897499
33.5465873202222 23.600822292945097
4.711658201262469 25.754895158603002
6.619942873452996 26.57513207905873
34.25707640801623 22.863134899063713
6.383093264424091 23.578454306474875
4.549493405183357 15.256111760541337
3.7121402123472786 13.186543014801535
5.825598951327076 24.623854491353107
6.356485452896346 14.629593372951673
6.625491378094009 14.595180536588636
8.234152841163061 26.620214750762113
4.9048614375071455 12.963455427737735
32.012018381449195 20.81730222814859
1.1991060817533112 12.425437592200408
4.994668531810919 13.531973378845867
29.99929517520629 20.03553156922619
10.235889074166206 26.024798376008548
6.686488620988426 23.960187777925466
31.84822937285632 19.869844199523214
29.459687380621364 20.89728785317155
3.5749034969607085 16.911009155308992
5.140733094247477 26.68124406958632
32.85112275751094 24.04421054904696
8.011152388256505 28.19258861088566
4.949316376485793 11.884342499627651
4.799636768501891 15.674072969360987
4.224809727501739 25.49351084152443
32.68057534540264 19.001599595315145
7.1560030504994 28.29960701288874
8.304546672202871 24.706223739557558
6.520233944458215 22.96667884501779
7.365809917753369 27.987058488594027
33.71659124987862 23.85761490584012
4.933557067838352 15.757018313985753
6.0897150472579025 15.718702898252495
2.803462947322708 14.572905764568464
2.479309087767211 15.10626242212139
1.8235569291619265 12.024715999814127
5.735025866677718 12.988007057062038
7.074225255589948 25.825779034855476
6.188339152039344 27.376684943583186
5.34608971356197 25.490268497837572
3.951178283080208 26.024855951040177
2.723578648058161 14.038899948072787
5.44617086209062 25.384793051451933
2.6411818156692544 12.92147122593183
5.734100750580369 15.718962576712151
33.472253528705686 23.38120983683652
33.01030795826996 24.388853236783802
7.81100608432052 24.57040108268955
2.064760993149969 13.672959424098183
32.29498928658007 21.924859703557093
31.618416879387865 23.59417418833204
5.984592874484203 23.98408804168487
8.08667630024452 25.13672268617573
32.62304496954741 20.74263938336206
5.6562748153572375 26.790826470146182
31.9688574853183 21.94069726114328
4.255550200669495 15.508743915005356
31.53066249768154 21.62858504542697
7.215022635546384 24.152634219537724
6.1889072686700874 25.963396970707837
7.604027773996579 25.89940591387409
6.794180050590283 23.55282726479821
8.619146459693336 24.46293797148023
6.9877311040082875 25.805045207950943
30.86828473981245 23.207829739274832
30.571621221451377 23.321320183472597
31.57067198898034 23.31471804099107
7.65956819553323 28.065790515941284
5.522503993773621 25.463151444635592
8.700236698973995 26.652354663478732
5.006755575221345 14.530311131420842
32.15688348797896 23.737462281739436
5.6185366760646325 27.10889414035022
4.023148142782846 13.92571311127443
9.673243215626396 25.99968260602767
33.95583010422386 22.18967036836045
3.5432021423052436 14.281245208510926
5.852453181435981 15.302790865459153
3.7736183501994485 14.531774912371832
8.038963304711388 25.63485938863361
8.072381481532668 25.641273198564097
32.331718376755475 22.358591448357135
2.9737045597503204 11.610920911627993
1.952243886287175 12.234491920865622
7.933962422650032 24.330499670631916
8.168893891130306 27.520705371036158
6.172438744761697 15.10257474737003
3.8855374457461194 13.523524340374152
6.309351824613793 27.495107332483308
9.711546515274971 25.386861825386372
2.1630908476104223 14.970287727318281
6.996593594111912 25.95790572077966
5.127088495892062 12.718324028527775
6.464923394946444 23.90094957284198
32.885531825189965 24.41921494630806
3.965969897178989 12.328467526932098
3.2375998193131816 16.33472085143537
3.1930792949204942 15.629361909607617
5.118534355500536 13.120344961496617
6.33360155366377 15.70281912444931
8.309766235994102 28.31845860423066
5.157075765180337 14.127206775509597
6.558074281730697 24.276560352394633
6.3236462292539315 24.652375401428976
7.147196944852221 27.038621620280463
4.388458241750255 16.46343370799525
5.676171344984171 14.361354873507551
2.561760168444909 12.182370062815972
3.355007535789787 13.62133179747976
5.3968819969356385 27.074276189168067
5.215287826112592 15.636031040174753
7.926841607219559 26.168253628480326
5.16335069104285 15.876636532363946
5.075034889591128 14.814888448647594
33.96261268649348 23.671877770563842
32.948438565022755 20.273406060762976
7.6315606770471005 28.560032277347442
5.077484264358002 13.088929106965239
32.98729586767402 19.262720856549294
7.9481257541801975 25.659328702705494
31.496035827602114 24.87510403154438
33.032944378203034 24.52250370205305
5.76329040282965 26.239640447549
2.3670245653027835 13.626958579751253
30.119243373401794 20.17681407942567
5.853717269513826 13.127017542277315
32.51790779476328 22.751707348404967
4.084724116927141 12.483406495465223
6.0234497035036485 25.51661791204229
34.04356257406363 21.291721353928175
4.3359252300464215 11.21205130993292
6.028078932120261 14.580479215062372
8.333395387041017 24.791759159312974
6.552706149868141 26.33514384286356
33.76742798306468 23.211879150820184
30.065662746975473 21.669335107222132
2.2639658488986543 14.244341730732902
7.402055535585093 25.87439443364708
6.946389633400058 28.295242725873784
3.439665530255479 16.113184220102674
7.838984091152156 29.16984689827384
6.164594841521774 23.21845607293942
32.075608813247456 19.896007601369607
4.014349749640793 16.086645844420467
4.140446945841373 12.892386971762074
32.85114631525214 22.188292842604955
3.4288746938160557 13.917709375193146
2.498053214324359 13.040901575996797
3.6211907579100475 26.122357817139104
4.4337675643364065 11.995942324963659
5.714322824722388 23.42499566117245
10.1518081636086 26.062747717114508
7.138129080058095 24.39032343045983
5.602159239362013 24.70508178164564
8.34347684118984 27.89007092206923
3.5534467886216974 15.412656334881557
8.063366679571864 26.036358875668057
31.93430581161892 21.80660853572362
4.783978771920049 11.562404545291333
4.858238531620184 26.69165669562838
31.124078944291323 20.505108326031234
9.50523342156244 27.224191569191326
33.431012272947235 20.735611676142028
10.006706670686036 25.76766448063721
5.114618218248207 11.652867378730814
29.664348909439813 21.970887189313547
1.6053620079793474 12.11577429229269
9.390800771931715 25.421211301712805
4.295174280953033 16.470658341732367
33.25623071590096 23.721449432487084
1.527135715474623 13.454282926565416
4.926594181908334 10.829630043792449
3.226896642189878 12.885480947967203
29.860050726902315 22.0249729088693
9.15851929188214 26.09545674123185
7.932360861828729 28.08705888223056
6.831323185214913 26.717204567878
4.60463124521957 26.64419827600368
5.237173226748184 27.149559934933457
7.827859847111057 27.35959963978723
34.017159314120235 23.664240581943385
7.0845530623593564 27.75637235045586
30.41320009532982 20.453762715093333
30.41697584718847 22.761797884051333
6.841266437348044 23.1815908974701
29.858576248345738 20.68913014120192
4.767869451834927 16.050186660245082
8.242278557600196 24.58730498841442
6.156138987070318 25.34259104267401
7.3278385297407045 24.794220098503512
3.8891474200254916 13.635518741883494
2.378903596328141 13.692275857812959
5.776401461344902 23.57552195766095
2.0995450480127724 12.776941299457796
32.887040003671636 22.962221319887426
9.697350154589076 26.530468413265112
6.83728052236335 26.230631258649627
6.91068032649439 24.804740042223536
4.204065937330971 14.549696010646127
32.40917344953065 20.294187334965883
31.147631988348532 23.330281202472367
6.786543063481924 14.824504425861475
2.369679022730451 14.295664791521284
7.843570665903557 24.52656729340461
1.8968801213954092 12.603195965544069
7.6875836480809525 29.26719526844597
2.8775181875229965 13.354720682960814
4.616944997719279 26.94253537644292
8.953799726847391 25.933249732969326
32.30409047057048 20.514454163298204
34.08578600781888 22.34016979909922
5.128587012684711 13.219678995956192
6.44948548459811 15.050111272214187
32.09754264082424 23.77166370127865
3.5866284809270557 13.625374249728782
5.994150210854695 24.51341253357467
5.353632698369016 24.71895265240849
6.560353801026038 23.99617677049568
2.5929883049812914 11.795916228546702
34.11343479546682 22.84510036183042
4.14593324954813 16.374192294469076
4.2290077077425625 16.35997916910782
10.232757386910329 26.21413344713915
3.5950718266212625 14.656593759483643
32.99547224279487 22.79738832416578
33.101686303665154 20.06803992645319
4.425618280898206 14.897276563365255
32.879970538920226 21.50328030620781
5.418777877030304 26.676488217964412
1.55592412095111 13.243903676752097
6.053107277704227 24.90232645943381
3.8371881459547437 12.153580789236313
32.00439360892168 23.861222710794298
4.645673854228523 13.454947156351102
7.905183283567486 25.39369757405437
6.063190410746324 15.712220040062618
31.528137519221413 22.806797362054454
6.894424681009626 15.191110342647214
31.339967005371193 24.61559284173675
4.9102068742581615 14.524592565360551
2.3699617873197503 12.321036531899432
4.872615407579698 15.61274658114467
8.139943615100112 24.76661073268487
5.9262527512341165 13.118780184108497
2.259880613288156 11.872395961055787
9.642722903473592 25.444261029581327
3.6910071476982558 13.932087130740532
2.3631217375386475 13.465192680384073
32.310335720436164 20.603385269503416
31.070307834456358 23.012021476086247
6.983339920080643 28.719421011306984
29.79110636998363 22.521421938835896
32.13764831308521 22.192392773338227
8.14190852299692 26.414495277286644
4.149872583922539 26.438239647297365
7.4493650069014645 28.489728193642875
2.3325480979170248 12.128652927832928
3.7608533474829753 14.675623474969395
5.773803213090319 14.758669069867071
29.603186705635142 21.978382422950702
32.662785011702816 23.04151436510675
5.864270682164804 27.581344219953156
32.678142884658556 20.15682284502445
7.465712131102578 23.83278794824426
1.256887984754218 12.727789487676127
5.504491362194084 13.181679089952613
2.1478359944774534 12.856882669922719
3.992275319577149 13.78318247029486
31.500906829973896 22.111238274570386
7.832669827995383 28.54544325696473
33.28320746764651 22.791015654981027
30.56733867138231 23.060075012202343
6.245043357750433 13.699390148657288
7.465517731813025 25.423281914303267
29.10279327247978 20.590168606744598
5.908964986407668 14.20138263084317
9.377169197374204 25.64153219011534
6.5526278873654 27.121160873310675
3.240352549341189 13.750122521653706
8.834312210919247 25.261611495313986
6.017276016063103 24.40131398704874
31.80589551824923 21.847923149910677
5.899751380780703 24.147782992496186
8.15167099169462 25.128489187834905
6.660377860802755 28.355460080666354
31.82643633068634 22.80951370378813
3.1803885048624174 16.519131171999245
4.349638256182833 15.882506975483295
5.246718634029657 25.34870713973691
33.64052737822907 23.50300689207892
2.613332098087606 14.788204226659888
5.28625438624154 13.610407209205212
33.34989407028926 19.820027160293513
9.058710557450311 27.412642418238214
3.361962275176305 12.495813060461305
5.519349191517673 23.78564775376474
8.489281452710346 24.88050613690995
34.14265672582084 23.316620202259283
7.743190116015252 28.95499422139261
4.914052097533343 16.550231942717
32.30881487089503 19.20404833358297
5.600713778889865 15.74481486290724
3.1373810399020616 17.232900912365967
3.624969845651196 15.636141750197257
31.16756935438017 24.654227569002074
2.1533845117291657 14.955624353634345
30.40816588133184 20.42455538969819
6.790031210244294 28.122514623495306
2.848469280644926 16.4921893164816
5.726416656150871 24.99238862830598
1.7877519726957853 12.54638248652662
8.732523093497424 25.145022753493198
4.730229866109313 16.005132470548958
34.0323139656135 22.523549010612076
33.89024982667536 21.423941260271643
33.68940577442635 22.078838938826795
8.233652061545243 27.934982896819605
7.8825747106246125 24.29034465438495
8.163914748776838 25.481228700386904
4.798170470804903 13.856837247324538
2.5474503609495276 16.052319526258398
7.148559668418869 26.716098225445055
6.604147744483209 28.287185884973614
32.782947033220644 24.15788294589895
31.61981310604268 23.671985814407407
32.25345673902587 19.568828472875335
2.722385361425446 13.675338584870438
8.75216983862356 25.533761815561338
2.308219477660208 13.175314080341892
7.583871094860583 24.52626617822338
32.587290626880986 23.89746685990897
30.85970166429813 23.36465515703617
2.7387664157409777 13.117525319606967
4.13081654823078 15.4623756499304
33.318571196048005 20.65331477997663
5.639715059845578 24.075377858909775
31.09621056048152 19.966698899465726
32.31207010571287 23.44108126082173
5.151807027768955 14.919543132064724
30.120334347944247 21.11347908936513
8.813361585089892 25.164358153285043
4.814625896786069 25.148080688221246
3.3503319033324535 15.595256982826898
5.183886603786933 14.669557539000536
5.822533608125478 25.184067465404084
7.417574313323154 25.301889362623808
9.266222953477051 26.292802721197457
33.86886521088078 21.62976028326787
4.809004640453732 24.443139876768306
6.51269671989041 28.21916856246837
32.134329806342386 19.354354228056494
9.337701077160744 27.294403146959567
5.4415652541330815 26.496833212133566
1.634478016542777 13.5607814068376
33.42303086425023 22.435636002618782
31.802754959409768 25.09459870325582
33.55103420189777 21.244167551316316
4.466772338296822 12.916493830622482
2.879839681906153 15.773146792965871
32.00448674591234 21.787111023639284
5.57912918167674 12.696242264280116
31.309751520077754 23.378852182139426
5.780249205103024 15.310186859546958
7.33318285979547 25.464039024759277
29.7009886710803 22.100426823569236
3.9242874510113075 26.20438194700712
7.88586786105101 25.98340005417021
31.2699954809293 23.026389582154323
6.54529454642231 15.702072649216824
2.9932932424911542 14.245997022345044
5.805807724098283 27.362088680919637
4.547602942813407 26.940985345143133
2.4019198979556053 15.377802874781413
32.946045499103256 19.64084024138956
5.914908450311868 24.40985404184318
7.583018304636191 27.092251436058636
34.400883860777626 23.283936519380457
31.5804089183242 24.25188124343314
3.1583339059931013 12.15701466317054
32.00795056924117 22.710607373621546
7.389551451362839 27.167282999232135
32.1169206139416 24.459533029192315
8.784903716116725 27.38414230943093
4.808460104396444 16.63536604964774
3.338537130396026 13.73051827125955
7.293197167124051 27.129026367197106
34.113998028709965 23.30833788373748
5.829084547156594 24.253034011289394
4.965749907597979 11.833286580602312
30.993956892852008 22.38259544553799
6.1189924274161385 24.77021495167208
34.00097464907841 23.888269100491314
30.878396251018426 23.39881033277787
7.525128756225028 24.61253484959625
5.063584200288033 13.433284646018574
29.728010289055902 21.125903247991378
4.861600572148007 11.741425713010281
5.998586384793443 22.833941816891265
7.443928777538937 26.15454572680625
4.138167093226874 15.617039623019599
33.31660432981232 24.13682722271458
30.13108793749241 22.711912393058576
2.0717923965150398 12.205565215591147
6.612164222286977 24.79090705368937
3.8940459640614233 15.201011684973388
10.027770024521594 25.725875418287995
3.0405239151384165 16.9856646898861
5.577985945427709 14.08510545736245
29.248403748719568 21.478733249734002
9.329003689554757 27.33021815773092
7.028605438815608 26.3850353442505
5.926907622931534 13.987826445668667
1.4544865733625132 13.212058854171387
5.781071351084038 15.110581644786011
3.155048406936678 11.420386720596502
6.391788165529574 13.849076155759056
4.418609089238629 16.59916050385069
34.347237157230815 21.649607659965845
6.951220311027128 26.0203889402381
4.700379789771388 25.22977263796024
5.92898912863782 23.36829392110679
32.08772712418065 21.515735376809594
32.58963312355049 21.931616440690192
6.190822502994532 22.993084806925975
5.529812929194122 27.24666072863853
4.532866676652711 15.175647662092945
5.047477086348504 12.209395754868778
3.745018453765339 15.153977407473516
8.208828591469729 26.080508099510222
4.6996637879712075 16.075867848358865
5.2483097847539035 25.554329196975907
6.794698417767962 24.57513411939294
5.277739570967428 16.168582408108513
4.878390803788404 13.190578139673484
9.352266293973988 25.584310105665246
7.5598502435242985 27.256133461336184
10.101629914098247 26.35494351168917
5.523092992948423 12.643478264061644
6.954901788042802 26.07184423464531
33.638443419546846 22.155348237866978
32.379808230426214 19.574747532987537
32.272242765072356 24.082592705823842
6.107815205667502 26.087605512628965
4.641627777382778 15.455168421266043
31.43950122956333 21.602811856748612
34.36993172337807 23.55243432444467
2.649675311017811 15.14708965101576
6.600206698864159 28.277101767870274
33.66203758575741 21.86748672007042
6.022318251319447 15.069877768280655
32.018869853151784 20.304422586547105
2.278062259696296 14.05029930637594
7.698082849727032 24.980615323378842
6.301939883900619 14.74647993075095
32.858009222950884 22.3970085743743
2.740060935326425 12.125913619257656
32.43793747640097 21.58111272066268
9.183299742861108 24.910829881724386
3.932893261917752 13.699214045304604
8.061544097877382 28.173672150615758
31.79010683767775 21.909123454876532
3.9906834960484288 15.22553995886733
32.174847092486424 22.219319396482234
6.111726967687517 15.52649909802847
8.176419126757315 27.75445945819287
33.51870614411876 23.40480455058765
30.206287843149997 20.067290006560402
3.9153992086490588 14.447897096513287
32.24557973164422 23.705154264872945
8.018076434440934 28.722947466416993
6.9336087019091455 23.59898748428083
34.262808235690564 23.477719221049433
6.795792242082408 27.48504011292938
7.2580260784931445 28.513899664111182
34.11671954315506 22.68950811980097
31.42000350948623 22.01402661317073
31.584196639592545 23.577864132957785
9.447027761374528 27.279779673623175
5.791387203435444 13.07621035611917
31.49012678037827 21.88201766168786
10.120753605827488 26.052294113667756
5.307478572751397 26.7944248719746
32.66792367755463 22.167802439142015
30.371519664732606 23.29197346341224
3.3836446678558403 17.01843593664872
1.4658920610578594 12.741573349542424
6.7823852592266896 25.703606244193157
33.86897790052713 23.796348854568283
4.057957257122259 14.146679595628655
30.33869680276677 20.17276530930734
32.10120439174219 20.184067531501857
6.860690142267769 14.738153286049467
30.292863434552647 22.850311217974294
7.009290324879934 27.569111779548315
7.771569968268279 26.68562807623378
1.189941880197301 12.526457590572063
31.749608241109446 19.42366983092612
4.720156880769823 13.517309273758446
4.176757571175031 12.915716573716765
34.188443281880254 21.82804427193556
3.601586319863482 13.744491099060818
4.917380672967597 11.35361622546273
3.975398195625014 25.860223199287866
5.257628996126094 27.077795191872543
2.7975133968885215 11.839189714081238
6.919561692039776 28.500027923871514
6.028655391046145 27.414402957959954
3.637409709627007 16.584406522185095
6.706419619946234 27.247291974788034
8.551773815725275 28.17993043462504
4.436425209751916 13.214849618397672
6.644987694945638 28.198931112016624
5.0670281793276875 25.62841785169358
6.553446465003767 26.125106699556348
7.622889637460367 29.214838796886834
9.260323120063235 27.042532751684725
31.584892605237542 21.958195850171712
7.050892396678522 28.260319131833157
9.630348635850702 26.109299378825323
6.694195245064212 23.294340718652382
31.18568586610193 20.649949896367293
30.943667346666352 24.60452264562021
33.89556739079476 23.42616638934487
5.347494588938194 27.291777626048173
3.23141474954248 13.13467219513314
3.2648813314064937 12.807206360992176
4.264955591673383 11.29617099141204
8.4926599183104 27.928829922289935
31.418245449540894 20.898718048891922
5.28082790768306 16.04388099404182
5.7049037593918595 14.126651780197223
6.122408832691174 26.817566701408794
32.743267343245975 20.790048719749315
6.336677842262313 15.40948967064966
31.030075617618387 22.553924299684574
2.5704113578108925 11.765440963713557
2.390726179078271 14.739007650553662
10.296523772340635 26.057789902224968
7.730837634729308 24.016984212197034
6.72258852332006 27.58913414115441
30.3582085936779 22.98082265880108
32.42785559746153 20.40024022103563
6.630071040464645 28.06501126909679
3.3147589569820113 14.659737656580464
29.972015993644696 21.754882616704034
31.05747203209242 21.264358730201984
8.68870054113329 25.236740433629905
7.087150369962583 26.88153511313815
6.764338468842682 26.495335933551807
33.47859447556317 21.952538330276017
4.205377069579277 16.730411342371205
31.621249437239804 22.167065701824118
4.503257816748538 24.775960899197486
3.827003921284869 11.276283559665277
2.2526023717926913 12.416856210192828
33.99890059018229 22.158268809954894
32.34045799850381 19.00930738081575
3.1995671606810676 13.784688418056811
31.016787964679807 22.408564923902617
5.360948779324431 13.102048215088821
34.20037828391416 22.46064046946907
34.718622424225835 23.351804652609992
10.220430269288203 25.927163706195227
9.239326998907663 26.47384899198099
9.250956050417942 26.825353164916518
32.87489355198569 18.99876180739642
6.03255546570391 14.133340586798807
7.333612978434973 28.03577154843149
33.46077213182419 20.126445619625006
4.047743590039824 13.34719534367203
32.04258203061528 19.480969454671104
5.709453871775789 25.080847814519622
4.71523236568967 15.924852311395004
5.217299941663151 24.081740584885164
6.069391392584196 24.911071398191076
6.188364989160987 24.575827006025488
34.263144462646785 23.466479529005255
32.94464334709286 23.977466770711317
6.774652448616186 26.286678790419824
5.941566322242712 14.268610301976416
31.332263108670976 22.26300376246216
33.20658129567753 24.430976351956996
5.7868936215238245 14.364015395673778
4.136864292011751 13.62658811233372
5.050383091325767 15.704466456837013
33.587581261806314 21.79169718124542
6.142666681479423 24.262636372627203
2.066805333010464 14.170413724644767
5.844680247915264 23.186149251810615
3.250468145316576 17.08267534355251
31.68817740811638 21.191757615302308
7.114506245960941 26.744306440588538
5.872258845814201 26.248442775735874
32.60278985301737 20.224632066509855
5.708526913385745 24.771699236785196
33.53137678588949 20.26522864785986
33.26904059931287 23.24368599843552
2.769058644954362 14.08575705129768
3.5775211661105093 16.89262826838078
5.966939532810049 27.289167427643058
7.63711855317824 24.735714599414152
30.749338246273194 19.628503566965048
29.6193589735956 21.773396645804244
6.846384757947372 25.837077008017015
5.729244595571998 13.951130589449273
32.113937569766485 19.533467063057966
3.979084201973574 15.659167176177178
6.716518559866655 14.424252132396909
5.202367301958611 26.59059349383855
6.100489978680308 23.284341519161046
6.382896678231184 23.16222229245877
7.241280112868138 27.62784219582079
31.787009367932804 19.819273443517986
2.93032344631845 15.239482410308312
4.102673142636602 16.168336576931292
4.918338527032056 11.43828240205168
4.4420052979451725 15.019697552946019
9.804605265459209 26.34865844281064
32.12601133352411 22.870777265506398
33.03337723281877 24.28971831458304
7.733993875274315 28.05085503843528
33.07210928126391 24.464856680172627
8.319302899579483 28.14261372734161
29.93205046152812 21.6731756490325
4.674875780200734 11.81851774686683
30.631870407028575 23.57644545441414
8.853543077438287 26.794390968751905
6.054169882513789 25.694724069148034
6.028567450749875 28.045510347051504
2.8537750342059196 13.595187372391695
33.029148781070205 20.80750578958138
5.428255551932286 26.813245306769417
6.476976665465517 26.44070077439446
3.970796032689481 14.207443214816015
2.580230235554312 11.98703046319876
9.701412316808575 25.240304197323574
31.71146847020938 19.531054707623955
4.766499472947783 10.715775332971395
5.192400944948803 12.176039020755114
6.055252912531772 24.345495262796284
3.642991947736509 11.733856224947672
6.172658300062327 24.08491569502683
3.571910141809565 11.882540272762547
4.820036910667024 10.838931554168274
31.455840018171113 20.82494458065806
1.7668531511354653 13.249752213028838
9.691865577440339 26.340244254294817
7.642237561302626 28.648291194759228
7.086918774555343 24.835573349864294
6.565992427118016 26.427183618789336
5.535976551402301 12.408569681460751
2.775217078228046 14.811034251951956
4.704766258256953 13.642488430847358
7.0366014802643155 28.18474662089695
31.902551434949 22.57281047856226
4.375963748819659 16.53869294009835
3.5038218390396745 15.6775154750108
2.350141096662787 13.973832669582286
5.097304422117088 24.84077189209448
2.2616389060327817 14.52634514512601
5.018287489478363 12.034168266646962
6.740087575771058 28.474615840621183
4.858094351811536 15.477913065157304
3.904636353078091 13.208591058716769
6.534669439263737 24.741624506668845
33.93273170664156 21.364402024293327
5.210037539108547 26.552541905467063
33.41574655805379 20.247394269716857
4.946143067283746 24.234405475924294
29.54125329632668 20.97792642858587
6.615135426460709 28.280520878940518
31.39359391975333 24.358250464439976
2.9589995694371005 12.352864884860763
30.593414334629216 22.74337947258076
4.254059385161925 12.00792209851204
8.8058595107733 26.023208990794465
7.234612290695435 24.524533531261255
9.364702944643287 27.00688108837639
5.274801219220027 24.513359493722195
30.828400333473365 20.322365038124847
5.697620647642092 14.596927283045462
4.138591773324503 11.368840745465082
9.119959755018002 24.907037301057738
3.6462206735848004 14.562734610978783
30.218469998496474 20.867911089567144
8.682121399906475 28.058051003634276
31.214431179928862 20.895362873381345
5.9143757781390445 15.31408896591672
8.50602556456815 24.37096161729393
29.37045214972588 21.043823345389644
5.448254192024671 14.69820564015459
9.037299839866641 25.65603605314698
7.981019739414683 26.83590137854936
1.6021450603629521 14.161185884186548
30.682425354599683 23.223404294349567
8.18304645599288 28.251164703389833
8.394243603890143 27.902550457584887
30.350760559360346 20.595567465500526
5.890076884730226 27.406528805863353
4.3330224786978695 14.949515522145813
5.111516257024756 14.560540061937786
7.377939411012834 27.65622474358935
30.170958192970144 22.364526388212
4.782742937854663 12.526437416272199
30.81238941060551 22.84891461622416
32.11141048378177 22.16033946678633
5.968973630144907 15.991839137096898
3.799389785216399 13.764791682128848
7.876436685664993 26.556742919161987
2.1610326339326926 12.85999085389155
9.367642936638958 25.301880500285947
32.81613311494607 23.295998666236976
4.189514849418144 12.548431324925616
31.968282393352887 23.68546853003227
3.760685573509459 13.59839772992445
1.1517111179771762 12.934627490680612
3.7946214225531114 12.349948017522356
3.1671833598467263 13.684694622105027
7.64218868533203 26.403014495078033
3.988596323774707 11.671220790173386
30.885345469706834 20.019990791291303
3.9222383512672883 14.869895571992867
3.992345828508742 12.656755514359197
31.964416059548814 22.833843565980843
3.7877667621895745 16.66720915699547
31.420173333025048 24.916596859031188
3.06366216422844 15.91808096662271
3.2368029850667956 15.69082538325388
9.569020846065158 25.306121981266678
33.18478028081787 21.405201630368
30.145680133734075 22.061910374529724
8.414619649605426 28.173907675690845
31.854624227827028 21.985869024529283
7.084169681124977 15.493701617238202
31.04453723640231 20.443322069014627
6.745174763073607 26.77135572291979
33.41116218797169 20.732624516086762
5.494981439614764 26.670102935269046
6.035705256839 23.86421473271243
2.4561138533543603 12.80872154330379
3.631836109754057 13.952239923753625
7.460452630104651 26.34979106762728
31.777801096715827 24.56368845341224
4.084543026336329 13.53800706978391
4.553397090739002 13.9917334759807
10.319267934168446 26.08103801467659
34.77528416818369 22.615336501932926
31.35750015170489 23.833426461266377
7.60594075629586 25.630101065665766
2.697970534048059 11.615517442307553
3.046302527310932 13.631958508393263
7.471969445477877 23.58592493463262
8.94230341982058 27.88060080697162
5.809582919256005 16.01972026826708
3.8124499951651054 13.832806060512146
31.182779782284246 20.0915766902705
7.283040526492974 24.95734527693244
32.81361621030562 20.86120944855673
5.782835322469244 25.48908849982444
5.305201170954328 24.806182459816846
32.800255801936544 19.027697256508677
31.463849036469483 23.49641368533358
4.4679193942995585 10.985772301285225
7.3165743460750985 25.788580790081106
6.497172112270662 24.367346393355753
5.954005923002059 15.867461888622014
3.754077225839001 15.734299913068732
33.078576004237185 20.93967394059187
33.34097112628156 22.040267819378027
4.140963043127772 26.163925880005912
32.425306162453765 24.54237195319368
31.155388729753998 19.550229357972174
6.041837003105833 22.732342975272495
30.668860568134438 23.726559065040714
2.3699933916257634 12.472040330885562
4.861904559221863 25.2656138937447
8.150035194059859 26.960195082582754
3.0103860666915683 15.284101366896659
4.569333183353638 15.7857014756901
32.53287913961645 18.765943484720676
3.971770973394671 16.93150846230471
33.338856672369836 22.724000188687207
3.402995076252985 17.055514982943343
33.01252626896647 21.443172332546915
7.463775490539085 25.948652893850927
6.308175523453402 27.71699972901164
28.965593683448787 20.929552671000142
5.844647706987969 22.98942041828023
7.4802917616982185 27.47082151039703
29.913416825153206 20.838138523159035
6.308414296745532 15.356858428651169
5.762290461560076 25.68227463159889
6.069933980662447 23.98395893070979
8.013399421677407 27.958586111841388
4.763928465316473 14.72367173987241
4.976408587388964 11.131329232533448
7.251572978917567 28.612144907340696
6.571868218731328 27.575968759464608
30.7174034004233 22.994056712261273
30.433701035932398 21.683882117812644
33.456240793204216 21.7952929206732
2.513948809709366 13.115814669670478
32.30172755974908 23.93168449242127
33.569614034142 20.84164498537998
30.62660308560793 19.943431854856534
4.352142868531591 15.591545018247292
6.316628130773809 13.757582792930746
6.741709503114878 15.390983533672108
32.82265132194489 23.974526377888886
3.0378312503431606 13.4685083663068
6.718707241139758 27.90550410520734
2.44035547995552 13.190996149054223
31.31194598630078 22.770661612560673
7.776518511776224 28.221129773707965
1.9565986459259048 14.284964573598515
9.732811812139209 25.93938407666449
32.83078096073945 20.57014177888563
32.60835598526638 24.63634357936271
32.57713003530603 24.147742558462134
2.4874321406855806 13.764517397748804
33.41034321504557 21.189449346038
7.066313686189254 27.34685154100828
4.106479846976124 26.438081094449615
2.807155270212246 15.906471098783367
6.813775933349194 28.60637309173999
30.755615703336986 23.55674661241095
31.573441328710558 24.12033049844963
5.484663601855005 26.39830717103573
1.9961070715275522 14.114625524053283
33.15614256439077 21.954419349587145
30.805113333987755 24.23798985036239
7.788283106387489 25.032285410285265
6.418997855823115 13.986275838701024
31.18001130544164 21.840980807337917
5.358777350842156 26.614325353550825
29.750009711573043 21.927039685314696
5.864602440822702 24.790222426795832
4.045823724970073 16.587589608749575
4.37089227948679 10.977236704864694
4.056708578218771 26.495792693547124
32.85957695074517 23.256286649010296
5.241790020977605 15.4293162150959
29.83523772648032 22.569166969074296
5.936952509757539 27.038531282576702
4.844005303848482 24.918005173181104
6.309703901534034 23.414865575264933
9.039744980593685 26.253966594927235
1.3862296569945718 12.272862365044634
2.8817550993115484 12.851986020372022
33.57345459082683 21.21310240952313
32.257440837435304 24.969303866155155
4.853682943672649 26.812810828972673
8.877107208229784 26.057341483760183
6.600815259473374 25.824147220597023
4.617622279453104 25.41953464447719
32.330826229164714 24.79462871753831
31.180986312946647 20.572311492875844
3.1897125875496513 16.298718371751978
3.056045171852458 16.414188615031023
32.423584450056474 24.47824606199173
31.397000412676753 24.977621680460814
5.564715104288486 25.270211130346738
3.1039679878658673 12.741784519060646
3.655423639702062 13.326030967534559
2.41166948397205 15.564581021450081
30.667184473828655 20.589889859024478
29.461008264937924 21.866893825902622
4.162579913314662 11.48311151555618
33.08621734384769 19.31236724358999
31.14846080650433 24.476991565622587
31.272385763824406 24.441086048886323
7.798142197932435 27.10999078145398
5.336654929464043 13.015068829568758
2.8729828870275824 11.56278095623464
7.50550986621943 27.370735711983606
5.369903835802386 13.086727004521576
6.508158781608399 14.468637459610026
2.6012944614596067 14.728924707553118
33.872057118434086 22.702612329711943
4.157765109146354 13.760288756124112
7.813769752685281 28.214323792060902
31.66219130781885 24.45960293121085
2.0686092154551723 12.168528304934698
7.521152609993937 27.078263716469255
32.12432996121976 23.085264912207638
6.559997953304225 27.171266396264542
4.223265743933938 26.71406363981407
31.249519222554657 24.931084689390122
8.964787599793143 26.26763931225689
6.38642789068431 26.8091005075498
5.1893615940926505 16.438933086394577
5.388329872092557 27.140475839621633
5.396053365097892 24.783502209329615
5.905284134632915 23.65025716014509
7.191085217770443 27.790524663350023
34.18142451333349 21.33509132531431
7.372794929415563 24.61668291632772
5.874066530877843 12.718862231465746
5.564509748043338 25.967430268533413
6.294235853537505 26.325375482889832
7.026064181175079 23.446317574056003
5.9099715151039405 15.900700418876148
4.952975906187241 16.12040436772765
7.162360611812511 26.78431966553711
34.0304450043915 21.087536784679248
4.727867803689594 14.788263997360813
5.145886044918398 11.769524560145207
2.678339724795984 14.837331949600726
32.866738096631224 22.79200362041343
30.292504933062315 21.334499988234818
32.22665175153721 19.80877045196304
5.723668048216673 12.744922572484057
6.320039218260641 25.57616249113324
5.34533591245231 15.245316504295516
7.793774159078958 25.289157760416316
29.962194050423488 21.230829789985368
33.11628850210524 23.078082850829414
7.688188967603013 28.923480233309167
5.308596088096778 26.26928764002939
34.13478649321401 22.97491055501593
8.71990662311639 25.64224727973635
7.854949861974182 26.43753947082949
7.197116561826779 26.704854538508243
5.198194400287668 24.443530544527697
2.851618899188048 12.966164470214766
5.7339564545325175 25.74516868170262
30.011107284748306 22.63185626149309
4.601428150067638 15.929810767860355
4.856473776631013 26.547533074960036
31.917505610242593 18.9746368453069
6.308004174650751 15.404510448019048
3.68505967945811 11.643566222734263
4.938635336791891 13.21671559337682
9.252307755432138 25.995710300833153
3.8204001313394684 15.28162263234832
4.045282487408073 15.96059365825252
6.3370069104248685 13.790025431426459
4.57069463063751 26.252967819486358
3.519069897334714 17.197018816376676
3.9886095671656836 11.519927752727673
3.6232525567546245 13.937618319452916
3.674474050485179 15.599340092327111
6.762053160775885 26.647114448272838
2.8536917091265823 15.334810761476483
30.7 -16.1
30.973307846971036 19.44639599630495
4.812807432481786 26.637475383803917
30.42441692457548 22.82606130709742
32.200809321652116 21.85873681036316
31.453665668985245 22.97159188728904
7.041714356936721 27.210303904176868
5.493596581247877 13.618129416461002
3.6375369913988576 13.574934049203959
6.384712471867735 25.875514608274266
29.560573018578985 20.945654228732163
7.333444567896422 27.470413728810897
30.518472231287685 23.525004093799303
7.434143923175553 23.687359622078283
30.732687317872468 20.132742984612275
4.2965983335204925 11.626452760618635
5.493672995458358 13.33156096370563
6.897328494157427 27.2171957400039
2.7546198098529584 11.599487943634424
4.801499014419135 15.902675930313482
7.461780673753975 24.18536941580961
4.815903735385403 11.967623721444347
33.8519226858305 23.66338177239006
34.38509790203914 21.944388802647655
3.8960187062503757 15.48811711377794
29.613834161463284 20.490509411028487
6.495548443855061 26.704452399541818
32.29093077943549 24.796452402205986
30.932848219562572 22.861460698920364
8.918429663493114 25.172764122346763
2.898906721500536 13.081518271203327
7.831972808742687 29.41550874997569
5.5388268837820736 23.657868957129786
1.7557259963930214 13.990920677128253
4.878010369784916 12.814045963101087
31.497034878846204 19.536830611081175
32.861440046218554 19.528456292118896
5.311436398965856 23.94911624634687
3.9101489788125403 11.351292802782451
31.773822624274484 24.269857585276334
3.655454862966457 14.81684496497518
1.6759882825912724 12.73750007024286
35.094163567437114 23.381392310951732
6.0024912628003975 27.67293651202581
1.1265816514125904 12.924521858456986
32.39580572999434 19.120660998198495
6.131507459395646 24.298838384713164
8.023694588483677 24.450211296906012
2.8862582381045616 13.063566324007164
9.58524652784067 26.507306557352592
31.77966303402323 24.765594199598926
7.5573995442660555 24.21260669775852
3.0900691539855307 12.449092896495124
9.049352664542791 26.201868305062
5.30685352174972 25.05212190315688
7.240548075417029 27.26082317377134
32.48050415405239 21.584022360052153
5.681803804620653 14.13521905668048
3.8859260510847533 16.197374855192976
4.634639094209575 16.411199242348577
4.162652466721738 16.86258268800208
5.680008561018745 15.376462680235122
5.681810796936361 23.876883270280246
7.157765533619586 24.578528611899106
34.658064164930025 23.13771325719025
7.662670265020419 26.675814614729013
5.571794329846596 14.728486537958593
33.38404343468982 22.535368357526227
6.288105037961563 14.302022803033756
31.694411349621365 21.430138185203102
28.744612116488817 20.65951460622804
5.169883558796368 11.533541513651382
5.103325108404559 12.11507838459267
5.723069224682445 14.221534378860214
6.038778924068473 27.1920920820767
4.589633745255326 25.29766896029686
3.6232707616721322 13.41390080752909
7.570297020415601 25.447387941696583
1.450094484229429 13.90629342656157
5.8201736792874454 27.59873783882426
32.82850328789673 21.80966607621679
32.20968453310727 22.98521821710317
2.54543044914257 13.791553808769063
5.789133984014147 14.91965141326919
6.8748212001190225 23.115038758894393
6.449718862459775 26.99283402382631
9.173943497056719 24.81696714304313
32.20026415405449 22.06684202601221
32.61554755073462 21.467298505935037
7.464132679932564 23.836036741924428
3.0677806359465016 14.138755213624957
6.993639885035754 27.42909701341826
4.334663671763689 16.64978751439686
4.535541496103954 26.063865601848683
4.674483941191745 24.87039635487852
4.2871691663707505 11.405642422182016
6.509365733049645 26.07666181378524
7.795811649797925 26.32695425261798
6.933695795827616 27.392688224149186
2.2268276679868775 14.570525223343935
8.959504798568197 26.1021465662486
4.505473658045712 12.628941364933945
30.985349782302205 24.28975101004465
28.828547647403227 20.839473701125364
32.940554808636016 21.514505037532892
6.067080488229728 26.22518308942613
3.914338330231507 14.281673908807157
1.2558690857237584 12.363454583825131
3.212194431585254 14.34852305824895
2.553409873795788 12.631450055242757
5.526421168818297 26.067536140298767
3.6456972218506802 13.055817633933781
33.40776160041974 20.20075051555491
2.6323979820115513 13.998657949321078
31.332564625716778 21.510641308001798
32.93703712355302 24.231515566233135
4.89055279414469 16.32625683440397
33.49139542675299 23.05925259244939
5.256327380439993 15.804366578697552
6.172086405974213 25.094207165021608
8.4119808435034 27.318301989120403
2.7355979750171686 13.421992784240352
34.114208173270214 22.297227504327374
4.929534135581548 26.71572761864906
4.913011989570965 15.227991244859204
3.006111458559095 15.223103995667236
5.812396551459037 24.271863628527772
29.969673270229155 21.71614306963962
8.09110988006105 24.3020009225173
30.735549861311988 21.485654357464803
33.223596084578716 21.11584992417599
3.399894089981488 15.600500804669325
5.897053198600921 25.85382754102881
31.685565047547307 20.41445350046829
31.29233260182623 20.96954146461317
6.071362400457835 25.26024529362636
31.066680496155616 24.84706945610925
2.6523748736593684 12.2384510141959
34.151799091468035 22.2905254099119
5.1747110189055325 27.352737281427217
5.302125479858631 13.371908233864367
5.350937926677023 13.170659914925107
32.353585679987766 22.32194564938608
3.9907464668988246 26.480142039938023
8.754261573132208 27.860821130372678
31.752122153467624 19.39539694622897
3.6141660884053586 16.178195495997063
31.250999698218738 20.475833820766173
0.9884352637602616 12.654283752333882
6.50254866587683 15.270489039499278
3.781417309780973 14.157571256871893
5.786877731804226 26.855529927502108
30.939725395054097 21.3246373404141
6.246798122825384 23.370746986943544
5.152479031506729 11.843700584840036
4.146493543985365 16.212268425250457
6.430970373325389 23.621352571089925
32.62035352830441 19.895997468355397
3.6631846619714032 14.912142815862905
30.922054999729312 23.641071987382357
7.915303647546629 29.367612945018156
7.764117532978741 25.416066566104444
33.82117491999809 22.44458594884547
5.767871423670243 14.864054988600639
29.201786765030764 20.544639454864974
31.445224571880278 23.41501077343753
8.911326358497298 25.34627789335359
7.4669834691165065 26.355057509397028
4.26617730010921 16.7385553165993
3.3159636351923707 14.767984374328899
5.942986310656721 15.98427954548956
30.230065842117092 22.770802930351667
2.5705304167369256 12.579959559784246
8.907308106563722 26.262380111372394
2.557153807511359 12.254447348891258
4.450954143546793 26.385758046732626
4.837324780462781 15.371129872851366
3.85661011764232 26.25644758644239
31.2364905813683 24.365319598827227
7.126654308451586 23.966710313985196
31.802116487616562 24.763505558180935
6.566451755941384 27.31945962056621
31.3168732138144 21.440254585177197
32.02315044427302 19.152175897401253
34.12933888389263 22.019298340311636
2.940590932998456 12.775125943936386
7.123301406524285 27.339546470599107
5.197780775635479 24.030018111405933
32.83020988710458 20.97597445733869
6.42155961323135 24.971022849306085
32.378585790752574 23.848820083842245
30.32664199892468 20.355091456596778
6.434995705585076 25.5216557683365
3.87660686458433 15.612107046461471
6.44225222598496 24.967154548954415
32.334462199180834 21.89032986930796
32.575162067573416 18.696451673928983
7.9256347515050045 25.696175164053013
6.623900478619646 14.463423356841654
6.637986083451542 23.984485551560578
33.95843161664793 23.01736434025136
32.32437127763995 20.256159966012685
3.378132819543527 15.940999978805312
8.27221783434387 27.220046401935104
7.925865137453548 26.650717951885657
32.16760297139246 21.656027955455478
32.695840699212766 20.852697885811125
7.374845404162553 23.563334154252157
5.6275461540992895 15.695405867625585
6.751521990508748 24.163906055525338
3.885520740195884 11.136347877850836
3.2415110077248146 12.48443493111754
5.14561839862632 13.057919554889628
2.8546494110231357 15.6215360795876
7.749580633157691 25.426748362210315
32.719853856286896 20.49973477392264
31.552212068288974 22.714547302005943
33.279900206101715 20.49018841070834
5.462585084097231 14.83189961359517
10.416697655098822 25.767575516713517
7.721767523984148 26.009122350967992
7.567424197513943 27.40519557926367
5.7035108391550935 13.8484320482627
4.247525113995164 11.378044353874884
3.370534733196031 12.841353308344228
0.9068073479246799 12.694078911303974
3.474935440327141 16.12821317530742
6.54225553485823 14.40754566904938
33.74708214375288 21.674173876256244
3.4107290048765395 16.45214490360646
7.653822654342504 28.610826997072877
33.22593232339526 22.604873781384946
8.18827072829935 27.908077316810015
5.270431000798932 12.768592034935011
5.156384237941869 12.805139655276168
6.380321093286981 25.766200642179413
4.957574303145435 24.648177205702034
30.805387881527498 22.032207918963156
0.9902545109955696 12.602669524731555
33.186029090431354 21.039922292078973
32.21847531480359 23.17042409117097
4.106344761617088 26.09445872150391
2.951563258914968 16.31728592302024
5.678070973825278 15.943547892993433
34.143749605568644 22.159389241927673
33.76077828243932 22.862240235685988
31.482053120243112 21.74387024507411
33.279772179893946 23.694640753752072
6.29426100557066 23.464686179514736
6.233303337108417 26.982466165192946
5.365130473010782 12.49600039818895
3.5704385480279712 12.724794648916708
29.538386050937337 21.533020575742047
29.958954986379087 22.548637991677637
3.476040242194803 13.990613935092393
9.299929683975222 27.09866828030157
4.8827180663057135 15.393692839702396
9.907887641046635 26.040328622280498
6.283164914001964 25.746986345967283
6.658054941585618 23.508078548653984
32.14527024293237 21.740763597255718
2.2606486474412977 15.372088474366622
4.5050998761648895 13.41792225265628
7.823821396071806 28.65752605465865
33.03435440774355 23.180082150571888
32.794313622830686 19.36775844501598
2.971690709793342 14.773777877660176
4.2049762204443395 25.585529791816427
8.196461108900136 27.998280019216907
4.310139890882007 14.145750110822803
5.599974618953375 14.853387609609234
2.027870511141428 13.174851143565418
2.8208990514424386 15.162334344992026
5.68229395055633 26.359693285249175
3.553031927214424 26.205316002709058
7.067305671456039 28.514982484325174
32.14479122993812 23.102928178433377
33.27227583648337 20.569907181684158
9.55116875267872 26.414870621797967
2.5305817299479085 15.741557605668541
4.760065105430712 13.723051603921812
32.7559342729772 24.694476768496937
9.56188671496045 26.424301742384362
7.689587779767098 27.6055369453995
7.539208452634509 27.23745665161133
5.138326695149171 24.365533909511942
34.33609993860468 23.005097624605952
5.50045477082937 24.540499372914034
6.624325341608025 24.313949419783203
6.117319237564326 26.103714900766917
7.853043265370867 26.51165991552891
34.62319650501578 23.248360935723127
5.385432399759315 27.49335200719731
5.647534786735093 25.603503328528916
34.64091549937274 22.352224231832132
33.676004674444755 23.766497195763883
8.182889696905821 24.22476289644947
33.78011597839131 22.812836913805217
2.8761756219259214 14.372133482026598
31.559794841783333 24.11784385293045
1.7656643019549443 13.360308936245948
6.364096003212524 24.183472774282254
34.05650787321873 23.218747050424003
2.72018518480078 12.302753242431171
32.76884784545968 22.36463787101068
8.4122749729179 28.454259629555107
32.5030030213912 24.424059597625124
3.9344767455693765 11.625175313918723
32.32934082042363 22.40837083375542
4.222561233372954 12.447418141024176
5.294501013594685 15.321839234822853
2.251468243319413 13.930206231443613
31.131034753166396 20.040199552729728
5.9068620106751455 14.208535622887975
4.483565563696956 13.617618342308596
1.8922195013585208 14.37955395481564
30.64672974165557 22.277090155492306
5.833153117183313 24.235248770181375
32.161999658810565 20.618467418425784
31.814085626299594 20.93757898549267
